"line","direction","raw_duration","duration","distance","average_speed","stop_number","other_meta_number","date","user","heure pointe","name","trace_id"
"29","A","96","100","21058","13","31","33","2019-11-18","Gomis%20LY","False","29___A___LA_2019_11_18_11_46_47.gpx","3159539"
"205","B","79","80","14048","11","23","26","2019-11-13","olivier%20kouame","False","205___B___KKO___HP_2019_11_13_08_39_41.gpx","3148043"
"772","A","47","50","27471","35","1","3","2019-11-12","Gomis%20LY","False","772___A___LA_2019_11_12_15_18_52.gpx","3148184"
"772","B","114","115","28340","15","34","36","2019-11-12","Gomis%20LY","False","772___B___LA___HP_2019_11_12_17_00_31.gpx","3148183"
"729","B","77","80","19824","16","16","19","2019-11-12","olivier%20kouame","True","729___B___KKO___HP_2019_11_12_18_38_10.gpx","3148042"
"729","A","75","75","21190","17","17","20","2019-11-12","olivier%20kouame","False","729___A___KKO_2019_11_12_10_39_51.gpx","3148041"
"53","A","91","95","22630","15","19","22","2019-11-12","Jean-Philippe%20Koffi","False","53__Vridi_Cit____Campus___A___JPK___HP_2019_11_12_08_36_39.gpx","3147563"
"STL","B","93","95","16704","11","5","5","2019-11-12","Kone%20Mariama","True","STL_B_KM_HP_Koumassi_abobodoum___2019_11_12_18_57_02.gpx","3147540"
"STL","A","68","70","5862","5","1","4","2019-11-12","Kone%20Mariama","False","STL_A_KM_HP_Treichville_abobodoum___2019_11_12_16_21_15.gpx","3147539"
"775","B","78","80","16396","13","21","24","2019-11-12","Kone%20Mariama","True","775_B_KM_HP_2019_11_12_07_42_53.gpx","3147538"
"775","A","58","60","16396","17","16","19","2019-11-12","Kone%20Mariama","False","775_A_KM_HP_2019_11_12_06_42_56.gpx","3147537"
"17","?","48","50","17087","21","16","18","2019-11-12","kowao%20bruce","False","17___Vridi_Canal___Gare_Gonzagueville___BKD_2019_11_12_10_50_38.gpx","3147484"
"17","?","58","60","17115","18","20","21","2019-11-12","kowao%20bruce","False","17__Gare_Gonzagueville___Vridi_Canal___BKD_2019_11_12_09_51_59.gpx","3147483"
"17","B","34","35","12687","22","16","18","2019-11-12","kowao%20bruce","False","17___Vridi_Canal___Gonzagueville___B__BKD___HP_2019_11_12_07_59_31.gpx","3147481"
"17","?","67","70","16804","15","17","18","2019-11-12","kowao%20bruce","False","17___Gare_SOTRA_Gonzagueville___Vridi_Canal___BKD___HP_2019_11_12_06_45_08.gpx","3147480"
"211","B","77","80","20923","16","21","23","2019-11-11","Gomis%20LY","True","211___B___LA___HP_2019_11_11_07_28_02.gpx","3148182"
"771","B","124","125","28960","14","30","32","2019-11-11","ZELY%20BEDEL","False","771__Vridri_Ifran__Yopougon_Niangon_sud_a_droite__B___HP__ZB_2019_11_11_17_17_39.gpx","3147340"
"771","A","88","90","26768","18","24","27","2019-11-11","ZELY%20BEDEL","False","771__Terminus_39__Vridi_ifran__A___HP__ZB_2019_11_11_06_38_57.gpx","3147339"
"17","A","89","90","18774","13","22","24","2019-11-11","kowao%20bruce","True","17___Anani___Port_de_P_che___A___BKD___HP_2019_11_11_07_02_02.gpx","3147109"
"17","B","52","55","19668","23","20","22","2019-11-11","kowao%20bruce","False","17___Port_de_P_che___Anani___B___BKD___HP_2019_11_11_08_43_29.gpx","3147108"
"773","B","115","115","21726","11","26","29","2019-11-11","Jean-Philippe%20Koffi","False","773_Plateau___Bingerville___B___JPK_2019_11_11_16_33_25.gpx","3147057"
"773","A","80","80","21204","16","17","20","2019-11-11","Jean-Philippe%20Koffi","True","773_Bingerville___Plateau___A__JPK__HP_2019_11_11_18_29_09.gpx","3147056"
"773","B","66","70","21602","20","17","20","2019-11-11","Jean-Philippe%20Koffi","False","773_Plateau___Bingerville___B___JPK___HP_2019_11_11_19_54_58.gpx","3147055"
"21","B","52","55","14236","16","14","17","2019-11-11","Kone%20Mariama","True","21_B_KM_HP_2019_11_11_18_45_01.gpx","3147027"
"21","A","105","105","13468","8","15","18","2019-11-11","Kone%20Mariama","False","21_A_KM_HP_2019_11_11_16_55_01.gpx","3147025"
"STL","B","25","25","3041","7","2","5","2019-11-11","Kone%20Mariama","False","STL_B_KM_abobodoum__plateau_Treichville__2019_11_11_10_35_43.gpx","3147024"
"STL","A","49","50","9148","11","3","6","2019-11-11","Kone%20Mariama","False","STL_A_KM_HP_Treichville_plateau_M_pouto_Koumassi__2019_11_11_08_00_57.gpx","3147020"
"STL","B","21","25","2871","8","1","4","2019-11-11","Kone%20Mariama","True","STL_B_KM_HP_Abobodoume_Treichville__2019_11_11_07_36_48.gpx","3147019"
"STL","A","45","45","3135","4","2","5","2019-11-11","Kone%20Mariama","False","STL_A_KM_HP_Treichville_plateau_abobodoum___2019_11_11_06_47_37.gpx","3147017"
"34","A","90","90","16298","11","18","21","2019-11-11","olivier%20kouame","True","34___A___KKO___HP_2019_11_11_18_00_06.gpx","3146997"
"34","B","53","55","15316","17","15","18","2019-11-11","olivier%20kouame","False","34___B___KKO___HP_2019_11_11_16_49_11.gpx","3146996"
"28","B","60","60","13630","14","21","24","2019-11-11","olivier%20kouame","False","28___B___KKO__RIVIERA_2__2019_11_11_09_00_42.gpx","3146995"
"28","A","51","55","13645","16","19","22","2019-11-11","olivier%20kouame","False","28___A___KKO___HP___RIVIERA_2___2019_11_11_08_05_02.gpx","3146994"
"67","B","79","80","19671","15","26","28","2019-11-11","Coulibaly%20Noura","False","67_B_CN_hp__Gonzague_march__Treichville_2019_11_11_08_02_59.gpx","3146961"
"67","A","54","55","20884","23","24","25","2019-11-11","Coulibaly%20Noura","False","67_A_CN_hp__march__Treichville_Gonzague_2019_11_11_06_50_21.gpx","3146960"
"15","A","42","45","18107","26","13","15","2019-11-11","Cherif%20Madhy","True","15___A___CAM___HP_new_2019_11_11_07_43_10.gpx","3146698"
"36","A","65","65","14339","13","16","19","2019-11-08","olivier%20kouame","False","36___A___KKO___HP_2019_11_08_19_15_17.gpx","3145197"
"STL","B","55","55","8755","10","3","6","2019-11-08","Kone%20Mariama","False","STL_B_KM_Koumassi_M_pouto_plateau_Treichville__2019_11_08_14_40_13.gpx","3145196"
"STL","A","99","100","9224","6","3","5","2019-11-08","Kone%20Mariama","False","STL_A_KM_Treichville_plateau_M_pouto_Koumassi___2019_11_08_12_46_33.gpx","3145195"
"STL","B","26","30","3099","7","2","5","2019-11-08","Kone%20Mariama","False","STL_B_KM_Abobodoum__plateau_Treichville__2019_11_08_12_13_17.gpx","3145194"
"STL","A","35","35","3109","5","3","5","2019-11-08","Kone%20Mariama","False","STL_A_KM_Treichville_plateau_abobodoum___2019_11_08_11_35_37.gpx","3145193"
"44","B","57","60","10726","11","21","25","2019-11-08","olivier%20kouame","False","44___B___KKO___HP_2019_11_08_17_00_21.gpx","3145192"
"86","B","62","65","13643","13","12","15","2019-11-08","Kone%20Mariama","True","86_B_KM_HP_2019_11_08_07_17_54.gpx","3145191"
"86","A","56","60","12979","14","11","12","2019-11-08","Kone%20Mariama","False","86_A_KM_HP_2019_11_08_06_16_32.gpx","3145190"
"25","B","0","0","17","2","17","21","2019-11-08","olivier%20kouame","False","25___B___KKO___HP_2019_11_08_07_51_46.gpx","3145189"
"25","A","59","60","9875","10","13","16","2019-11-08","olivier%20kouame","False","25___A___KKO___HP_2019_11_08_06_44_00.gpx","3145188"
"718","A","66","70","22185","20","18","21","2019-11-08","ZELY%20BEDEL","True","718__Libert___Gonzagville__HP__A__ZB_2019_11_08_07_35_33.gpx","3145187"
"718","B","105","105","23189","13","15","18","2019-11-08","ZELY%20BEDEL","False","718__Gonzagville__Libert___B___HP__ZB_2019_11_08_08_44_35.gpx","3145186"
"610","A","116","120","18829","10","21","24","2019-11-08","ZELY%20BEDEL","False","610__Libert___H_pital_mere_enfant_de_bingerville__A__HP___ZB_2019_11_08_16_50_19.gpx","3145185"
"610","B","57","60","18167","19","14","17","2019-11-08","ZELY%20BEDEL","False","610__H_pital_bingerville_m_re_enfant__libert___B___HP__ZB_2019_11_08_19_58_17.gpx","3145184"
"23","A","44","45","13156","18","16","18","2019-11-08","kowao%20bruce","False","23___A___BKD___HP_2019_11_08_20_27_03.gpx","3145180"
"23","B","43","45","12949","18","17","19","2019-11-08","kowao%20bruce","False","23___B___BKD__HP_2019_11_08_19_40_23.gpx","3145179"
"721","A","68","70","13550","12","10","13","2019-11-08","Jean-Philippe%20Koffi","True","721_Palmeraie___Chu_de_Treichville___A___JPK___HP_2019_11_08_07_02_43.gpx","3145174"
"721","B","37","40","13485","22","8","11","2019-11-08","Jean-Philippe%20Koffi","False","721_Chu_de_Treichville___Palmeraie___B___JPK___HP_2019_11_08_08_13_26.gpx","3145173"
"721","A","49","50","13457","16","7","10","2019-11-08","Jean-Philippe%20Koffi","False","721_Palmeraie___Chu_de_Treichville___A___JPK_2019_11_08_16_32_24.gpx","3145172"
"770","B","71","75","21791","18","21","23","2019-11-08","Gomis%20LY","False","770___B___LA___HP_2019_11_08_17_32_06.gpx","3145154"
"772","B","61","65","28032","28","15","17","2019-11-08","Gomis%20LY","False","772___B___LA_2019_11_08_08_16_19.gpx","3145153"
"772","A","84","85","27565","20","30","32","2019-11-08","Gomis%20LY","False","772___A___LA___HP_2019_11_08_06_20_32.gpx","3145152"
"77","B","40","40","16748","25","20","22","2019-11-07","Cherif%20Madhy","False","77___B___CAM___HP_2019_11_07_21_05_25.gpx","3144768"
"77","A","59","60","16613","17","22","25","2019-11-07","Cherif%20Madhy","False","77___A___CAM___HP_2019_11_07_20_05_53.gpx","3144653"
"15","A","144","145","19218","8","27","31","2019-11-07","Cherif%20Madhy","False","15___A___CAM___HP_2019_11_07_17_41_04.gpx","3144647"
"33","B","56","60","15393","16","19","20","2019-11-07","kowao%20bruce","False","33___B___BKD___HP_2019_11_07_19_07_27.gpx","3144632"
"33","A","89","90","15028","10","22","23","2019-11-07","kowao%20bruce","False","33___A___BKD___HP_2019_11_07_17_29_38.gpx","3144628"
"50","B","64","65","15738","15","19","21","2019-11-07","Kone%20Mariama","True","50_B_KM_HP_2019_11_07_18_36_00.gpx","3144617"
"50","A","84","85","16833","12","23","26","2019-11-07","Kone%20Mariama","False","50_A_KM_HP_2019_11_07_17_11_12.gpx","3144616"
"13","A","53","55","12664","14","13","16","2019-11-07","Kone%20Mariama","False","13_A_KM_Koumassi_hopital__2019_11_07_09_32_12.gpx","3144615"
"13","B","55","55","12205","13","11","14","2019-11-07","Kone%20Mariama","False","13_B_KM_HP_Koumassi_Hopital__2019_11_07_08_35_34.gpx","3144614"
"13","B","57","60","14245","15","14","17","2019-11-07","Kone%20Mariama","False","13_B_KM_HP_Gare_Koumassi__2019_11_07_06_53_00.gpx","3144613"
"13","A","59","60","22651","23","14","17","2019-11-07","Kone%20Mariama","False","13_A_KM_HP_Gare_Koumassi__2019_11_07_05_50_09.gpx","3144607"
"19","A","76","80","14441","11","27","29","2019-11-07","Coulibaly%20Noura","False","19_A_CN_hp_gare_nord__vridi_iran_2019_11_08_04_48_32.gpx","3144582"
"705","A","27","30","6747","15","3","6","2019-11-07","Jean-Philippe%20Koffi","False","705___Angr__terminus_81_82___Riviera_2___A__JPK_2019_11_07_10_11_27.gpx","3144581"
"705","B","19","20","6096","19","4","6","2019-11-07","Jean-Philippe%20Koffi","False","705___Riviera_2___Angr__terminus_81_82__B__JPK_2019_11_07_09_51_57.gpx","3144580"
"705","A","36","40","7096","12","1","4","2019-11-07","Jean-Philippe%20Koffi","False","705___Angr__terminus_81_82___Riviera_2___A__JPK___HP_2019_11_07_08_57_58.gpx","3144579"
"705","B","20","20","6322","19","10","13","2019-11-07","Jean-Philippe%20Koffi","False","705___Riviera_2___Angr__terminus_81_82__B__JPK___HP_2019_11_07_08_41_37.gpx","3144578"
"708","B","17","20","6876","24","7","10","2019-11-07","Jean-Philippe%20Koffi","False","708_Gare_Sud___La_vie___B___JPK___HP_2019_11_07_08_04_33.gpx","3144577"
"708","A","26","30","6752","15","16","19","2019-11-07","Jean-Philippe%20Koffi","True","708___la_vie___gare_Sud___A___JPK___HP_2019_11_07_07_13_37.gpx","3144576"
"19","A","76","80","14441","11","27","29","2019-11-07","Coulibaly%20Noura","False","19_A_CN_hp_gare_nord__vridi_iran_2019_11_08_04_48_32.gpx","3144575"
"18","B","47","50","13846","18","19","22","2019-11-07","olivier%20kouame","True","18___B___KKO___HP_2019_11_07_18_23_14.gpx","3144574"
"18","A","71","75","13234","11","19","23","2019-11-07","olivier%20kouame","False","18___A___KKO___HP_2019_11_07_17_00_04.gpx","3144573"
"38","B","38","40","10146","16","18","21","2019-11-07","olivier%20kouame","False","38___B___KKO___HP_2019_11_07_08_32_47.gpx","3144572"
"38","A","56","60","11714","13","23","27","2019-11-07","olivier%20kouame","True","38___A___KKO___HP_2019_11_07_07_29_57.gpx","3144570"
"211","A","75","75","22207","18","20","22","2019-11-07","Gomis%20LY","False","211___A___LA___HP_2019_11_07_16_56_02.gpx","3144569"
"201","A","72","75","17167","14","21","23","2019-11-07","Gomis%20LY","True","201___A___LA___HP_2019_11_07_07_12_09.gpx","3144568"
"12","A","95","95","22089","14","23","25","2019-11-07","Coulibaly%20Noura","False","12_A_CN_hp_gare_nord__port_Bouet_phare_2019_11_08_15_23_54.gpx","3144567"
"12","B","60","60","19861","20","13","15","2019-11-07","Coulibaly%20Noura","False","12_B_CN_hp__port_Bouet_phare__gare_nord_2019_11_08_17_05_13.gpx","3144561"
"12","A","95","95","22089","14","23","25","2019-11-07","Coulibaly%20Noura","False","12_A_CN_hp_gare_nord__port_Bouet_phare_2019_11_08_15_23_54.gpx","3144560"
"06","B","52","55","17002","20","17","21","2019-11-07","ZELY%20BEDEL","True","06__a_roport_Fhb___gare_sud__B__HP__ZB_2019_11_07_18_31_14.gpx","3144556"
"06","A","81","85","17737","13","22","25","2019-11-07","ZELY%20BEDEL","False","06__Gare_sud__a_roport_Fhb__A__HP__ZB_2019_11_07_16_40_57.gpx","3144555"
"716","B","64","65","17192","16","9","12","2019-11-07","ZELY%20BEDEL","False","716_Rivera_palmeraie__Carrefour_de_Koumassi__B_ZB_2019_11_07_13_46_33.gpx","3144554"
"716","A","70","70","17341","15","11","14","2019-11-07","ZELY%20BEDEL","False","716__Grand_carrefour_de_Koumassi__Carrefour_palmeraie__A__ZB_2019_11_07_12_27_38.gpx","3144553"
"212","B","107","110","19219","11","16","19","2019-11-07","ZELY%20BEDEL","True","212__Yopougon_Niangon_sud_a_droite__Gare_sud__B___HP___ZB_2019_11_07_07_10_24.gpx","3144552"
"19","B","59","60","16026","16","17","18","2019-11-07","Coulibaly%20Noura","False","19_B_CN_hp__vridi_iran__gare_nord_2019_11_08_06_12_22.gpx","3144543"
"19","A","76","80","14441","11","27","29","2019-11-07","Coulibaly%20Noura","False","19_A_CN_hp_gare_nord__vridi_iran_2019_11_08_04_48_32.gpx","3144542"
"28","A","86","90","17908","12","27","31","2019-11-05","olivier%20kouame","False","28___A___KKO___HP__M_pouto__2019_11_05_06_56_28.gpx","3144571"
"212","A","106","110","18968","11","13","16","2019-11-05","ZELY%20BEDEL","True","212__Gare_sud__Niangon_sud_a_droite__HP__A__ZB_2019_11_05_18_33_01.gpx","3144551"
"212","B","58","60","17954","18","9","12","2019-11-05","ZELY%20BEDEL","False","212__Niangon_sud_a_droite__Gare_sud__B__ZB_2019_11_05_15_42_52.gpx","3144550"
"29","B","94","95","21276","14","26","28","2019-11-05","Coulibaly%20Noura","True","29_B_CN_hp_derri_re_warf___gare_nord_2019_11_05_19_32_24.gpx","3143645"
"29","A","70","70","21449","18","19","20","2019-11-05","Coulibaly%20Noura","False","29_A_CN_hp_gare_nord__derri_re_warf_2019_11_05_18_36_22.gpx","3143616"
"212","A","62","65","18378","18","14","17","2019-11-05","ZELY%20BEDEL","False","212__Gare_sud___Yopougon_Niangon_sud_a_droite__A__ZB_2019_11_05_14_29_24.gpx","3143615"
"210","B","45","45","14394","19","10","13","2019-11-05","ZELY%20BEDEL","False","210__les_rosiers__Gare_sud___B___ZB_2019_11_05_12_40_10.gpx","3143614"
"210","A","61","65","14691","14","16","18","2019-11-05","ZELY%20BEDEL","False","210__Gare_sud___Les_rosiers__A_ZB_2019_11_05_11_39_06.gpx","3143606"
"210","B","79","80","14451","11","16","20","2019-11-05","ZELY%20BEDEL","False","210__Les_rosiers__Gare_sud__HP__B__ZB_2019_11_05_09_07_32.gpx","3143604"
"210","A","42","45","14682","21","5","9","2019-11-05","ZELY%20BEDEL","True","210__Gare_sud__Les_rosiers__A__HP__ZB_2019_11_05_07_50_34.gpx","3143603"
"726","B","50","50","15101","18","14","16","2019-11-05","Coulibaly%20Noura","False","726_B_CN_hp__gare_sud___terminus_amondji_2019_11_05_16_57_50.gpx","3143592"
"51","A","78","80","14428","11","20","22","2019-11-05","Cherif%20Madhy","True","51___A___CAM___HP_2019_11_05_07_16_33.gpx","3143567"
"51","B","54","55","14356","16","17","18","2019-11-05","Cherif%20Madhy","False","51___B___CAM___HP_2019_11_05_08_54_50.gpx","3143565"
"52","B","58","60","16246","17","16","18","2019-11-05","Cherif%20Madhy","False","52___B___CAM_2019_11_05_11_33_29.gpx","3143564"
"61","B","54","55","14819","17","18","21","2019-11-05","Cherif%20Madhy","True","61___B___CAM___HP_2019_11_05_18_17_25.gpx","3143563"
"770","A","47","50","21999","28","3","5","2019-11-05","Gomis%20LY","True","770___A___LA___HP_2019_11_05_18_27_22.gpx","3143561"
"770","B","106","110","22075","12","20","23","2019-11-05","Gomis%20LY","False","770___B___LA_2019_11_05_16_35_08.gpx","3143560"
"713","B","86","90","20670","14","8","10","2019-11-05","Gomis%20LY","True","713___B___LA___HP_2019_11_05_07_10_00.gpx","3143559"
"713","A","54","55","20890","23","16","18","2019-11-05","Gomis%20LY","False","713___A___LA___HP_2019_11_05_06_07_27.gpx","3143558"
"616","A","74","75","20076","16","22","24","2019-11-05","Coulibaly%20Noura","False","616_A_CN_terminus_abbata__gare_nord_2019_11_05_13_13_02.gpx","3143556"
"726","A","64","65","15665","15","13","16","2019-11-05","Coulibaly%20Noura","False","726_A_CN_hp__terminus_amondji___gare_sud_2019_11_05_08_03_44.gpx","3143549"
"206","B","36","40","12658","21","5","7","2019-11-05","Coulibaly%20Noura","False","206_B_CN_hp_h_tel_de_ville__st_Andr__2019_11_05_07_15_14.gpx","3143547"
"206","A","53","55","12743","14","12","14","2019-11-05","Coulibaly%20Noura","True","206_A_CN_hp__st_Andr___h_tel_de_ville_2019_11_05_06_14_31.gpx","3143538"
"701","B","33","35","6965","13","10","14","2019-11-05","Jean-Philippe%20Koffi","True","701___B___JPK___HP_2019_11_05_07_52_26.gpx","3143531"
"701","A","43","45","7827","11","6","8","2019-11-05","Jean-Philippe%20Koffi","False","701___A___JPK___HP_2019_11_05_08_30_02.gpx","3143530"
"710","B","51","55","11167","13","5","8","2019-11-05","Jean-Philippe%20Koffi","False","710_la_vie___kess____B___JPK_2019_11_05_15_53_39.gpx","3143529"
"710","A","44","45","11483","16","8","11","2019-11-05","Jean-Philippe%20Koffi","False","710_Kess____la_Vie___A___JPK_2019_11_05_16_45_28.gpx","3143528"
"59","B","66","70","10005","9","8","11","2019-11-05","Kone%20Mariama","True","59_B_KM_HP_2019_11_05_18_31_22.gpx","3143521"
"59","A","85","85","12693","9","6","9","2019-11-05","Kone%20Mariama","False","59_A_KM_HP_2019_11_05_17_02_35.gpx","3143520"
"50","B","101","105","15596","9","18","21","2019-11-05","Kone%20Mariama","False","50_B_KM_2019_11_05_10_20_38.gpx","3143519"
"50","A","73","75","15811","13","24","27","2019-11-05","Kone%20Mariama","False","50_A_KM_2019_11_05_09_01_39.gpx","3143518"
"83","B","61","65","10366","10","12","15","2019-11-05","Kone%20Mariama","True","83_B_KM_HP_Rivera_2__2019_11_05_07_26_32.gpx","3143517"
"83","A","54","55","9819","11","10","13","2019-11-05","Kone%20Mariama","False","83_A_KM_HP_Rivera_2__2019_11_05_06_26_02.gpx","3143516"
"18","B","58","60","13872","14","17","21","2019-11-05","olivier%20kouame","False","18___B___KKO_2019_11_05_16_31_07.gpx","3143495"
"18","A","50","50","13141","16","16","20","2019-11-05","olivier%20kouame","False","18___A___KKO_2019_11_05_15_38_30.gpx","3143494"
"210","B","54","55","14459","16","16","20","2019-11-05","olivier%20kouame","False","210___B___KKO_2019_11_05_14_37_49.gpx","3143493"
"210","A","48","50","14645","18","15","17","2019-11-05","olivier%20kouame","False","210___A___KKO_2019_11_05_13_47_22.gpx","3143492"
"06","B","85","85","18906","13","22","26","2019-11-05","olivier%20kouame","False","06___B___KKO_2019_11_05_12_19_56.gpx","3143491"
"06","A","96","100","19321","12","25","28","2019-11-05","olivier%20kouame","False","06___A___KKO_2019_11_05_10_29_50.gpx","3143490"
"28","B","100","100","17488","10","27","30","2019-11-05","olivier%20kouame","False","28___B___KKO___HP__M_pouto__2019_11_05_08_23_02.gpx","3143489"
"717","A","83","85","26515","19","25","26","2019-11-05","kowao%20bruce","False","717___A___BKD___HP_2019_11_05_06_23_51.gpx","3143487"
"717","B","41","45","24011","35","1","5","2019-11-05","kowao%20bruce","True","717___B___BKD___HP_2019_11_05_07_51_37.gpx","3143485"
"717","A","91","95","21877","14","15","18","2019-11-05","kowao%20bruce","False","717___A___BKD_2019_11_05_08_39_32.gpx","3143484"
"717","B","79","80","24181","18","19","21","2019-11-05","kowao%20bruce","False","717___B___BKD_2019_11_05_16_02_40.gpx","3143480"
"203","A","86","90","17275","12","18","19","2019-11-04","Gomis%20LY","False","203___A___LA___HP_2019_11_04_17_02_58.gpx","3143181"
"201","A","62","65","17222","17","5","7","2019-11-04","Gomis%20LY","False","201___A___LA_2019_11_04_15_01_59.gpx","3143180"
"49","B","76","80","15905","13","25","27","2019-11-04","Gomis%20LY","False","49___B___LA___Normal_2019_11_04_13_00_49.gpx","3143179"
"770","A","97","100","23629","15","17","20","2019-11-04","Gomis%20LY","False","770___A___LA_2019_11_04_09_39_54.gpx","3143177"
"28","A","68","70","13436","12","23","26","2019-11-04","olivier%20kouame","False","28___A___KKO___HP__RIVIERA_2__2019_11_04_17_56_56.gpx","3143099"
"28","B","88","90","13978","10","21","25","2019-11-04","olivier%20kouame","False","28___B___KKO__RIVIERA_2__2019_11_04_16_23_22.gpx","3143097"
"211","B","89","90","21856","15","21","25","2019-11-04","olivier%20kouame","False","211___B___KKO__GONZACQUEVILLE__2019_11_04_14_11_55.gpx","3143096"
"211","A","69","70","22071","19","20","23","2019-11-04","olivier%20kouame","False","211___A___KKO__GONZACQUEVILLE__2019_11_04_12_55_44.gpx","3143095"
"34","B","66","70","15385","14","14","18","2019-11-04","olivier%20kouame","False","34___B___KKO_2019_11_04_11_47_57.gpx","3143094"
"34","A","43","45","15792","22","10","14","2019-11-04","olivier%20kouame","False","34___A___KKO_2019_11_04_11_01_30.gpx","3143093"
"46","A","46","50","15503","20","18","22","2019-11-04","olivier%20kouame","False","46___A___KKO___HP_2019_11_04_08_29_45.gpx","3143092"
"46","B","89","90","15491","10","22","24","2019-11-04","olivier%20kouame","False","46___B___KKO___HP_2019_11_04_06_54_53.gpx","3143091"
"83","A","17","20","6537","23","2","5","2019-11-04","Kone%20Mariama","False","83_A_KM_HP_Ecole_de_police__2019_11_04_20_29_58.gpx","3143087"
"83","B","28","30","8350","18","9","12","2019-11-04","Kone%20Mariama","False","83_B_KM_HP_Ecole_de_police__2019_11_04_20_01_42.gpx","3143086"
"721","A","138","140","13789","6","10","14","2019-11-04","Kone%20Mariama","False","721_A_KM_2019_11_04_16_18_53.gpx","3143085"
"21","B","97","100","14200","9","13","16","2019-11-04","Kone%20Mariama","False","21_B_KM_2019_11_04_13_29_30.gpx","3143084"
"21","A","132","135","13925","6","18","21","2019-11-04","Kone%20Mariama","False","21_A_KM_2019_11_04_11_14_04.gpx","3143083"
"41","B","103","105","13120","8","16","19","2019-11-04","Kone%20Mariama","True","41_B_KM_HP_2019_11_04_07_45_28.gpx","3143082"
"41","A","94","95","14039","9","19","21","2019-11-04","Kone%20Mariama","False","41_A_KM_HP_2019_11_04_06_04_30.gpx","3143081"
"32","A","62","65","12988","13","25","27","2019-11-04","kowao%20bruce","False","32___A___BKD___HP_2019_11_04_05_47_46.gpx","3143074"
"715","B","33","35","18045","32","4","7","2019-11-04","ZELY%20BEDEL","False","715__Aghien_2_Plateau__Carrefour_Koumassi__ZB___HP__B_2019_11_04_20_56_07.gpx","3143065"
"712","A","71","75","21805","18","13","15","2019-11-04","ZELY%20BEDEL","True","712_Amondji__Grand_carrefour_de_Koumassi___A__hp___ZB_2019_11_04_07_10_39.gpx","3143063"
"712","B","119","120","22710","11","10","12","2019-11-04","ZELY%20BEDEL","False","712_Grand_carrefour_de_Koumassi__Amondji__Hp__B__ZB_2019_11_04_08_33_09.gpx","3143062"
"715","A","96","100","18235","11","9","11","2019-11-04","ZELY%20BEDEL","False","715_Grand_carrefour_de_Koumassi__Aghien_2_plateau___ZB__A_2019_11_04_13_08_50.gpx","3143061"
"715","B","83","85","18163","13","10","13","2019-11-04","ZELY%20BEDEL","False","715__Aghien_2_plateau__Grand_carrefour_de_Koumass___B___ZB_2019_11_04_14_49_08.gpx","3143060"
"716","A","84","85","17165","12","18","17","2019-11-04","ZELY%20BEDEL","False","716__Grand_carrefour_de_Koumassi___Rivera_palmeraie___ZB___A__HP_2019_11_04_16_15_19.gpx","3143058"
"716","B","59","60","17096","17","10","11","2019-11-04","ZELY%20BEDEL","False","716__Rivera_palmeraie__Grand_carrefour_de_Koumassi____B__HP_ZB_2019_11_04_17_44_00.gpx","3143057"
"715","A","58","60","18270","19","14","17","2019-11-04","ZELY%20BEDEL","False","715__Carrefour_de_Koumassi__Aghien_2_plateau___ZB___A__HP_2019_11_04_19_57_05.gpx","3143056"
"32","B","61","65","12981","13","27","29","2019-11-04","kowao%20bruce","False","32___B___BKD___HP_2019_11_04_06_58_57.gpx","3143054"
"13","A","57","60","15570","16","16","18","2019-11-04","kowao%20bruce","False","13___A___BKD__HP_2019_11_04_19_21_02.gpx","3143051"
"13","B","44","45","15391","21","16","18","2019-11-04","kowao%20bruce","False","13___B___BKD___HP_2019_11_04_20_27_07.gpx","3143048"
"503","B","14","15","2004","9","1","3","2019-11-04","Coulibaly%20Noura","True","503_B_CN_hp_gare_lagunaire_plateau__gare_lagunaire_abobodoum__2019_11_04_19_43_12.gpx","3143034"
"503","A","15","15","2142","9","1","3","2019-11-04","Coulibaly%20Noura","True","503_A_CN_hp__gare_lagunaire_abobodoum____gare_lagunaire_plateau_2019_11_04_19_24_56.gpx","3143033"
"501","B","18","20","2289","8","1","3","2019-11-04","Coulibaly%20Noura","False","501_B_CN_hp_gare_lagunaire_Treichville___gare_lagunaire_abobodoum__2019_11_04_18_00_47.gpx","3143032"
"501","A","16","20","2331","9","1","3","2019-11-04","Coulibaly%20Noura","False","501_A_CN_hp__gare_lagunaire_abobodoum____gare_lagunaire_Treichville_2019_11_04_18_21_21.gpx","3143031"
"502","B","19","20","2562","8","2","4","2019-11-04","Coulibaly%20Noura","False","502_B_CN_hp__gare_lagunaire_blockoss__gare_lagunaire_Treichville_2019_11_04_17_19_04.gpx","3143030"
"502","A","18","20","2479","8","2","4","2019-11-04","Coulibaly%20Noura","False","502_A_CN_hp__gare_lagunaire_Treichville__gare_lagunaire_blockoss_2019_11_04_16_03_24.gpx","3143029"
"710","B","42","45","14856","21","5","8","2019-11-04","Jean-Philippe%20Koffi","True","710_Abatta___B___JPK___HP_2019_11_04_07_33_56.gpx","3143028"
"710","A","90","90","15611","10","11","14","2019-11-04","Jean-Philippe%20Koffi","True","710_Abatta___La_vie___A___JPK___HP_2019_11_04_08_16_01.gpx","3143027"
"701","B","41","45","7555","11","4","7","2019-11-04","Jean-Philippe%20Koffi","False","701___B___JPK_2019_11_04_10_35_56.gpx","3143026"
"701","A","36","40","7559","12","0","4","2019-11-04","Jean-Philippe%20Koffi","False","701___A___JPK_2019_11_04_11_24_17.gpx","3143025"
"48","A","83","85","13023","9","22","23","2019-11-04","Jean-Philippe%20Koffi","False","48___Saint_Jean___Abobo_gendarmerie__A__JPK_2019_11_04_16_17_08.gpx","3143024"
"48","B","38","40","12866","20","1","4","2019-11-04","Jean-Philippe%20Koffi","False","48___Abobo_gendarmerie____Saint_Jean___B___JPK___2019_11_04_16_44_05.gpx","3143023"
"502","B","20","20","2597","8","2","4","2019-11-04","Coulibaly%20Noura","False","502_B_CN__gare_lagunaire_blockoss___gare_lagunaire_Treichville_2019_11_04_14_32_14.gpx","3143019"
"502","A","27","30","2752","6","2","4","2019-11-04","Coulibaly%20Noura","False","502_A_CN_gare_lagunaire_Treichville__gare_lagunaire_blockoss_2019_11_04_14_02_08.gpx","3143018"
"501","B","16","20","2332","9","1","3","2019-11-04","Coulibaly%20Noura","False","501_B_CN__gare_lagunaire_Treichville__gare_lagunaire_abobodoum__2019_11_04_13_05_22.gpx","3143017"
"501","A","19","20","2223","7","1","3","2019-11-04","Coulibaly%20Noura","False","501_A_CN__gare_lagunaire_abobodoum___gare_lagunaire_Treichville_2019_11_04_12_44_10.gpx","3143016"
"503","B","16","20","2052","8","1","3","2019-11-04","Coulibaly%20Noura","False","503_B_CN_gare_lagunaire_plateau__gare_lagunaire_abobodoum__2019_11_04_12_08_03.gpx","3143015"
"503","A","20","20","2354","7","1","3","2019-11-04","Coulibaly%20Noura","False","503_A_CN_gare_lagunaire_abobodoume__gare_lagunaire_plateau_2019_11_04_11_04_48.gpx","3143013"
"29","B","107","110","21576","12","26","27","2019-10-31","Coulibaly%20Noura","False","29_B_CN__derri_re_warf__gare_nord_2019_10_31_12_40_48.gpx","3141015"
"29","A","90","90","21052","14","15","16","2019-10-31","Coulibaly%20Noura","False","29_A_CN._directe__gare_nord__derri_re_warf_2019_10_31_10_27_27.gpx","3141013"
"35","B","51","55","11547","14","16","18","2019-10-31","Coulibaly%20Noura","False","35_B_CN__hp__gobelet__gare_nord_2019_10_31_07_53_10.gpx","3141012"
"35","A","45","45","11375","15","18","19","2019-10-31","Coulibaly%20Noura","False","35_A_CN_hp__gare_nord_gob_l__2019_10_31_07_01_37.gpx","3141011"
"78","A","80","80","19304","14","26","28","2019-10-31","Coulibaly%20Noura","False","78_A_CN_hp___gare_nord___terminus_n_badon_2019_10_31_17_01_35.gpx","3141007"
"78","B","78","80","19177","15","22","24","2019-10-31","Coulibaly%20Noura","False","78_B_CN_hp__terminus_n_badon__gare_nord_2019_10_31_18_26_57.gpx","3141006"
"616","B","142","145","20831","9","32","33","2019-10-31","Coulibaly%20Noura","False","616_B_CN_hp__gare_nord___terminus_abbata_2019_10_31_20_11_26.gpx","3141004"
"201","B","72","75","16774","14","18","20","2019-10-31","Gomis%20LY","False","201___B___LA___HP_2019_10_31_17_26_31.gpx","3140677"
"201","B","59","60","16717","17","10","12","2019-10-31","Gomis%20LY","False","201___B___LA_2019_10_31_14_09_16.gpx","3140676"
"15","B","82","85","17115","12","23","25","2019-10-31","Gomis%20LY","False","15___B___LA_2019_10_31_12_08_57.gpx","3140674"
"201","B","42","45","17788","26","5","7","2019-10-31","Gomis%20LY","False","201___B___LA_2019_10_31_09_28_20.gpx","3140673"
"203","B","89","90","17241","12","21","23","2019-10-31","Gomis%20LY","True","203___B___LA___HP_2019_10_31_07_33_29.gpx","3140672"
"52","B","59","60","13201","13","10","12","2019-10-31","Cherif%20Madhy","True","52___B___CAM___HP_2019_10_31_18_34_26.gpx","3140654"
"52","A","60","60","13796","14","15","16","2019-10-31","Cherif%20Madhy","False","52___A___CAM___HP_2019_10_31_17_29_43.gpx","3140653"
"52","A","42","45","15924","23","15","17","2019-10-31","Cherif%20Madhy","False","52___A___CAM_2019_10_31_16_32_42.gpx","3140652"
"51","B","55","55","14385","16","19","23","2019-10-31","Cherif%20Madhy","False","51___B___CAM_2019_10_31_15_26_20.gpx","3140651"
"51","A","49","50","14415","18","20","22","2019-10-31","Cherif%20Madhy","False","51___A___CAM_2019_10_31_14_02_30.gpx","3140650"
"77","B","46","50","16769","22","24","26","2019-10-31","Cherif%20Madhy","False","77___B___CAM_2019_10_31_12_46_07.gpx","3140649"
"77","A","53","55","16658","19","26","28","2019-10-31","Cherif%20Madhy","False","77___A___CAM_2019_10_31_11_51_30.gpx","3140648"
"61","B","66","70","15226","14","32","33","2019-10-31","Cherif%20Madhy","False","61___B___CAM_2019_10_31_09_14_03.gpx","3140647"
"61","A","81","85","15414","11","31","33","2019-10-31","Cherif%20Madhy","True","61___A___CAM___HP_2019_10_31_07_46_04.gpx","3140646"
"205","A","70","70","14286","12","25","29","2019-10-31","olivier%20kouame","False","205___A___KKO___HP_2019_10_31_17_10_55.gpx","3140578"
"67","B","64","65","19723","19","21","24","2019-10-31","olivier%20kouame","False","67___B___KKO__ANANI__2019_10_31_15_01_37.gpx","3140577"
"17","A","59","60","19802","20","30","33","2019-10-31","olivier%20kouame","False","17___A___KKO_2019_10_31_13_32_24.gpx","3140576"
"17","B","81","85","18245","13","28","32","2019-10-31","olivier%20kouame","False","17___B___KKO_2019_10_31_12_04_16.gpx","3140575"
"67","A","63","65","21471","21","24","27","2019-10-31","olivier%20kouame","False","67___A___KKO___ANANI__2019_10_31_10_34_21.gpx","3140574"
"67","B","91","95","19822","13","39","31","2019-10-31","olivier%20kouame","False","67___B___KKO___HP__ANANI__2019_10_31_08_48_19.gpx","3140573"
"67","A","60","60","19073","19","28","32","2019-10-31","olivier%20kouame","True","67___A___KKO___HP___ANANI__2019_10_31_07_39_06.gpx","3140572"
"53","B","103","105","23171","13","29","32","2019-10-31","Jean-Philippe%20Koffi","False","53___Chu___Vridi_Cit____B__JPK___HP_2019_10_31_17_31_46.gpx","3140540"
"53","A","55","55","22333","25","19","23","2019-10-31","Jean-Philippe%20Koffi","False","53___Vridi_Cit____chu__A__JPK_2019_10_31_16_29_53.gpx","3140539"
"53","B","79","80","22298","17","21","24","2019-10-31","Jean-Philippe%20Koffi","False","53___Chu___Vridi_Cit____B___JPK_2019_10_31_15_01_28.gpx","3140538"
"53","B","92","95","23711","15","22","25","2019-10-31","Jean-Philippe%20Koffi","False","53___Gonzague___Chu___B___JPK_2019_10_31_11_18_53.gpx","3140537"
"53","A","79","80","24106","18","21","24","2019-10-31","Jean-Philippe%20Koffi","False","53_Chu___Gonzague___A___JPK_2019_10_31_09_55_15.gpx","3140536"
"53","B","86","90","24233","17","16","20","2019-10-31","Jean-Philippe%20Koffi","True","53_Gonzague___Chu__B__JPK___HP_2019_10_31_08_21_39.gpx","3140535"
"53","A","64","65","24126","22","24","27","2019-10-31","Jean-Philippe%20Koffi","False","53_Chu___Gonzague__A___JPK___HP_2019_10_31_07_14_00.gpx","3140533"
"03","A","71","75","14840","13","26","28","2019-10-31","kowao%20bruce","False","03___A___BKD___HP_2019_10_31_06_39_56.gpx","3140506"
"03","B","94","95","15587","10","28","29","2019-10-31","kowao%20bruce","False","03___B___BKD___HP_2019_10_31_08_09_26.gpx","3140505"
"03","A","116","120","15022","8","25","27","2019-10-31","kowao%20bruce","False","03___A___BKD_2019_10_31_09_45_13.gpx","3140504"
"03","B","111","115","15952","9","30","31","2019-10-31","kowao%20bruce","False","03___B___BKD_2019_10_31_11_41_37.gpx","3140500"
"68","B","55","55","17307","19","22","24","2019-10-31","kowao%20bruce","False","68___B___BKD_2019_10_31_14_16_28.gpx","3140499"
"68","A","48","50","16021","20","11","13","2019-10-31","kowao%20bruce","False","68___A___BKD_2019_10_31_15_11_22.gpx","3140497"
"68","B","57","60","16632","18","23","27","2019-10-31","kowao%20bruce","False","68___B___BKD___HP_2019_10_31_16_50_19.gpx","3140490"
"68","A","54","55","15087","17","18","20","2019-10-31","kowao%20bruce","False","68____A___BKD___HP_2019_10_31_17_48_59.gpx","3140487"
"26","A","59","60","14456","15","18","20","2019-10-31","kowao%20bruce","True","26___A___BKD___HP_2019_10_31_18_50_07.gpx","3140486"
"26","B","49","50","15078","19","15","17","2019-10-31","kowao%20bruce","False","26___B___BKD___HP_2019_10_31_19_56_46.gpx","3140482"
"24","B","74","75","17890","14","25","27","2019-10-30","kowao%20bruce","True","24___B___BKD___HP_2019_10_30_07_06_15.gpx","3139795"
"24","A","56","60","17849","19","21","23","2019-10-30","kowao%20bruce","False","24___A___BKD___HP_2019_10_30_08_32_33.gpx","3139793"
"05","A","90","90","14957","10","21","23","2019-10-30","kowao%20bruce","False","05___A___BKD_2019_10_30_09_35_26.gpx","3139790"
"05","B","97","100","15569","10","30","34","2019-10-30","kowao%20bruce","False","05___B___BKD_2019_10_30_11_11_09.gpx","3139787"
"31","A","67","70","13562","12","12","14","2019-10-30","kowao%20bruce","False","31___A___BKD_2019_10_30_15_13_39.gpx","3139785"
"31","B","101","105","14182","8","22","26","2019-10-30","kowao%20bruce","False","31___B___BKD___HP_2019_10_30_16_24_55.gpx","3139782"
"31","A","54","55","8612","10","6","8","2019-10-30","kowao%20bruce","False","31___A___BKD___HP_2019_10_30_19_01_29.gpx","3139779"
"31","B","66","70","9198","8","12","14","2019-10-30","kowao%20bruce","False","31___B___BKD_2019_10_30_19_58_55.gpx","3139778"
"77","B","70","70","17423","15","22","24","2019-10-30","Gomis%20LY","False","77___B___LA___HP_2019_10_30_19_18_16.gpx","3139767"
"77","A","70","70","17464","15","20","22","2019-10-30","Gomis%20LY","False","77___A___LA___HP_2019_10_30_17_58_23.gpx","3139764"
"77","B","54","55","17426","19","23","24","2019-10-30","Gomis%20LY","False","77___B___LA_2019_10_30_14_12_59.gpx","3139763"
"77","A","76","80","17509","14","21","23","2019-10-30","Gomis%20LY","False","77___A___LA_2019_10_30_12_53_19.gpx","3139761"
"45","A","25","25","10639","26","8","10","2019-10-30","Gomis%20LY","True","45___A___LA___HP_2019_10_30_07_22_20.gpx","3139760"
"45","B","56","60","10601","11","10","12","2019-10-30","Gomis%20LY","False","45___B___LA___HP_2019_10_30_06_17_27.gpx","3139759"
"616","A","78","80","19830","15","25","27","2019-10-30","Coulibaly%20Noura","False","616_A_CN_hp__terminus_abbata__gare_nord_2019_10_30_17_19_12.gpx","3139752"
"616","B","72","75","20172","17","26","28","2019-10-30","Coulibaly%20Noura","False","616_B_CN__gare_nord___terminus_abbata_2019_10_30_16_04_57.gpx","3139751"
"78","A","58","60","18702","19","23","25","2019-10-30","Coulibaly%20Noura","False","78_A_CN_terminus_n_pouto_gare_nord_2019_10_30_14_55_16.gpx","3139750"
"78","B","64","65","19039","18","27","29","2019-10-30","Coulibaly%20Noura","False","78_B_CN_gare_nord_n_pouto_2019_10_30_13_33_39.gpx","3139749"
"12","B","131","135","20528","9","30","33","2019-10-30","Coulibaly%20Noura","False","12_B_CN__phare_port_Bouet__gare_nord_2019_10_30_10_53_37.gpx","3139747"
"12","A","59","60","19002","19","12","14","2019-10-30","Coulibaly%20Noura","False","12_A_CN_direct_gare_nord_port_Bouet_phare_2019_10_30_09_51_07.gpx","3139746"
"37","A","85","85","14871","10","22","16","2019-10-30","olivier%20kouame","False","37___A___KKO___HP_2019_10_30_17_57_25.gpx","3139709"
"28","B","55","55","13509","15","19","23","2019-10-30","olivier%20kouame","False","28___B___KKO___HP_2019_10_30_16_48_59.gpx","3139708"
"28","A","56","60","13494","14","20","24","2019-10-30","olivier%20kouame","False","28___A___KKO_2019_10_30_15_46_05.gpx","3139707"
"205","B","58","60","14055","15","14","18","2019-10-30","olivier%20kouame","False","205___B___KKO_2019_10_30_14_44_44.gpx","3139706"
"205","A","57","60","14200","15","18","22","2019-10-30","olivier%20kouame","False","205___A___KKO_2019_10_30_13_43_04.gpx","3139705"
"67","B","76","80","17350","14","21","23","2019-10-30","olivier%20kouame","False","67___B___KKO_2019_10_30_11_05_31.gpx","3139704"
"67","A","55","55","17796","19","24","28","2019-10-30","olivier%20kouame","False","67___A___KKO_2019_10_30_10_04_10.gpx","3139703"
"37","B","109","110","16795","9","24","27","2019-10-30","olivier%20kouame","True","37___B___KKO___HP_2019_10_30_07_10_14.gpx","3139702"
"710","A","50","50","11441","14","1","5","2019-10-30","Jean-Philippe%20Koffi","False","710_Kess____la_Vie___A___JPK_2019_10_30_17_53_51.gpx","3139700"
"710","B","53","55","11051","13","7","9","2019-10-30","Jean-Philippe%20Koffi","False","710_la_vie___kess____B___JPK___HP_2019_10_30_17_00_54.gpx","3139699"
"708","B","16","20","7525","28","2","5","2019-10-30","Jean-Philippe%20Koffi","False","708___plateau___la_vie___B___JPK_2019_10_30_09_43_03.gpx","3139693"
"708","A","29","30","6462","13","13","16","2019-10-30","Jean-Philippe%20Koffi","False","708___La_vie___plateau___A___JPK_2019_10_30_09_06_16.gpx","3139692"
"704","A","32","35","8776","17","7","9","2019-10-30","Jean-Philippe%20Koffi","False","704___Dokoui___A___JPK_2019_10_30_12_28_42.gpx","3139691"
"87","B","78","80","16108","12","26","28","2019-10-30","Jean-Philippe%20Koffi","True","87___B___JPK___HP_2019_10_30_07_38_00.gpx","3139690"
"87","A","39","40","15750","24","7","10","2019-10-30","Jean-Philippe%20Koffi","False","87___A___JPK___HP_2019_10_30_06_58_35.gpx","3139689"
"611","B","79","80","20036","15","9","11","2019-10-29","Gomis%20LY","False","611___B___LA_2019_10_29_13_11_38.gpx","3139804"
"613","A","109","110","21131","12","9","11","2019-10-29","Gomis%20LY","False","613___A___LA_2019_10_29_11_17_57.gpx","3139803"
"81","B","64","65","14175","13","22","24","2019-10-29","Coulibaly%20Noura","False","81_B_CN_hp__terminus_81_gare_nord_2019_10_29_19_02_15.gpx","3139745"
"81","A","108","110","15785","9","27","29","2019-10-29","Coulibaly%20Noura","False","81_A_CN_hp_gare_nord__terminus_81_2019_10_29_16_59_46.gpx","3139744"
"81","B","40","40","11102","17","10","12","2019-10-29","Coulibaly%20Noura","False","81_B_CN__terminus_81_gare_nord_2019_10_29_14_15_00.gpx","3139743"
"81","A","80","80","15190","11","26","28","2019-10-29","Coulibaly%20Noura","False","81_A_CN_gare_nord__terminus_81_2019_10_29_12_46_07.gpx","3139742"
"35","B","66","70","11417","10","13","15","2019-10-29","Coulibaly%20Noura","False","35_B_CN_Gob_l__gare_nord_2019_10_29_10_53_25.gpx","3139741"
"35","A","62","65","11988","12","16","19","2019-10-29","Coulibaly%20Noura","False","35_A_CN_gare_nord_gob_l__2019_10_29_09_28_31.gpx","3139739"
"704","B","54","55","8910","10","5","9","2019-10-29","Jean-Philippe%20Koffi","False","704___Dokoui___B___JPK_2019_10_29_11_35_22.gpx","3139688"
"11","A","64","65","14996","14","17","19","2019-10-29","kowao%20bruce","True","11___A___BKD___HP_2019_10_29_07_20_31.gpx","3139390"
"11","B","54","55","16432","18","13","15","2019-10-29","kowao%20bruce","False","11___B___BKD___HP_2019_10_29_08_37_50.gpx","3139388"
"33","A","79","80","14923","11","24","26","2019-10-29","kowao%20bruce","False","33___A___BKD_2019_10_29_09_46_29.gpx","3139387"
"33","B","93","95","15418","10","22","24","2019-10-29","kowao%20bruce","False","33___B___BKD_2019_10_29_11_32_50.gpx","3139386"
"32","A","65","65","12958","12","20","22","2019-10-29","kowao%20bruce","False","32___A___BKD_2019_10_29_13_06_28.gpx","3139384"
"32","B","69","70","12997","11","26","27","2019-10-29","kowao%20bruce","False","32___B___BKD_2019_10_29_14_59_51.gpx","3139383"
"22","B","58","60","9470","10","27","20","2019-10-29","olivier%20kouame","True","22___B___KKO___HP_2019_10_29_07_42_42.gpx","3139259"
"10","B","19","20","6966","22","5","8","2019-10-29","olivier%20kouame","True","10___B___KKO___HP_2019_10_29_18_25_19.gpx","3139231"
"10","A","40","40","5784","9","11","14","2019-10-29","olivier%20kouame","False","10___A___KKO___HP_2019_10_29_17_34_36.gpx","3139230"
"25","B","57","60","10943","11","17","21","2019-10-29","olivier%20kouame","False","25___B___KKO_2019_10_29_14_15_01.gpx","3139229"
"25","A","76","80","11576","9","20","23","2019-10-29","olivier%20kouame","False","25___A___KKO_2019_10_29_12_53_22.gpx","3139228"
"28","B","80","80","16944","13","27","28","2019-10-29","olivier%20kouame","False","28___B___KKO_2019_10_29_11_09_58.gpx","3139227"
"28","A","75","75","17218","14","26","29","2019-10-29","olivier%20kouame","False","28___A___KKO_2019_10_29_09_43_22.gpx","3139226"
"22","A","48","50","10187","13","21","24","2019-10-29","olivier%20kouame","False","22___A___KKO___HP_2019_10_29_06_48_32.gpx","3139224"
"08","B","98","100","13304","8","20","22","2019-10-29","Gomis%20LY","True","08___B___LA___HP_2019_10_29_18_19_38.gpx","3139208"
"08","A","57","60","13042","14","17","19","2019-10-29","Gomis%20LY","False","08___A___LA___HP_2019_10_29_17_12_57.gpx","3139207"
"08","B","50","50","12959","15","20","22","2019-10-29","Gomis%20LY","False","08___B___LA_2019_10_29_16_05_56.gpx","3139206"
"08","A","37","40","12994","21","20","22","2019-10-29","Gomis%20LY","False","08___A___LA_2019_10_29_15_09_10.gpx","3139205"
"76","B","60","60","15493","15","23","25","2019-10-29","Gomis%20LY","False","76___B___LA_2019_10_29_11_05_32.gpx","3139204"
"76","A","74","75","15917","13","23","27","2019-10-29","Gomis%20LY","False","76___A___LA_2019_10_29_09_23_52.gpx","3139203"
"76","B","58","60","15573","16","23","27","2019-10-29","Gomis%20LY","False","76___B___LA___HP_2019_10_29_08_18_36.gpx","3139202"
"76","A","80","80","15904","12","22","24","2019-10-29","Gomis%20LY","False","76___A___LA___HP_2019_10_29_06_51_44.gpx","3139201"
"702","A","25","25","12056","28","5","7","2019-10-29","Jean-Philippe%20Koffi","False","702___A___JPK___HP_2019_10_29_17_35_08.gpx","3139155"
"702","B","34","35","11355","20","12","15","2019-10-29","Jean-Philippe%20Koffi","False","702__B___JPK__HP_2019_10_29_17_00_07.gpx","3139154"
"702","B","21","25","12186","34","4","7","2019-10-29","Jean-Philippe%20Koffi","False","702___B___JPK_2019_10_29_16_28_22.gpx","3139153"
"702","A","30","30","11295","23","9","12","2019-10-29","Jean-Philippe%20Koffi","False","702___A___JPK_2019_10_29_15_57_55.gpx","3139152"
"48","?","93","95","12898","8","21","23","2019-10-29","Jean-Philippe%20Koffi","False","48___Abobo_gendarmerie___Cocody_Saint_Jean___JPK___HP_2019_10_29_08_58_01.gpx","3139151"
"48","?","29","30","12868","26","1","5","2019-10-29","Jean-Philippe%20Koffi","False","48___Saint_Jean___Abobo_gendarmerie___JPK___HP_2019_10_29_08_24_06.gpx","3139150"
"704","A","49","50","8848","11","11","14","2019-10-29","Jean-Philippe%20Koffi","True","704___A__JPK___HP_2019_10_29_07_26_03.gpx","3139148"
"704","B","25","25","8979","22","2","5","2019-10-29","Jean-Philippe%20Koffi","True","704___B___JPK___HP_2019_10_29_07_01_13.gpx","3139147"
"05","A","72","75","14970","12","29","30","2019-10-28","kowao%20bruce","False","05___A__BKD___HP_2019_10_28_06_40_35.gpx","3138641"
"05","B","62","65","15472","15","21","23","2019-10-28","kowao%20bruce","False","05___B___BKD___HP_2019_10_28_08_02_21.gpx","3138640"
"56","A","71","75","17027","14","21","22","2019-10-28","kowao%20bruce","False","56___A___BKD_2019_10_28_09_13_24.gpx","3138639"
"56","B","63","65","17214","16","20","21","2019-10-28","kowao%20bruce","False","56___B___BKD_2019_10_28_10_26_34.gpx","3138634"
"56","A","64","65","17159","16","14","16","2019-10-28","kowao%20bruce","False","56___A___BKD___HP_2019_10_28_17_58_20.gpx","3138632"
"56","B","70","70","17452","15","25","27","2019-10-28","kowao%20bruce","False","56___B___BKD___HP_2019_10_28_19_11_56.gpx","3138631"
"75","B","90","90","12824","9","18","20","2019-10-28","Gomis%20LY","True","75___B___LA___HP_2019_10_28_18_20_21.gpx","3138629"
"75","A","52","55","12253","14","21","23","2019-10-28","Gomis%20LY","False","75___A___LA___HP_2019_10_28_17_25_06.gpx","3138628"
"75","B","68","70","12564","11","24","26","2019-10-28","Gomis%20LY","False","75___B___LA_2019_10_28_12_39_01.gpx","3138627"
"75","A","60","60","12290","12","15","20","2019-10-28","Gomis%20LY","False","75___A___LA_2019_10_28_11_30_05.gpx","3138626"
"16","B","48","50","15649","20","23","25","2019-10-28","Gomis%20LY","False","16___B___LA_2019_10_28_10_25_00.gpx","3138625"
"16","A","53","55","16052","18","20","21","2019-10-28","Gomis%20LY","False","16___A___LA_2019_10_28_09_13_52.gpx","3138624"
"16","B","47","50","15626","20","20","23","2019-10-28","Gomis%20LY","False","16___B___LA___HP_2019_10_28_08_21_54.gpx","3138623"
"16","A","62","65","16033","16","22","24","2019-10-28","Gomis%20LY","True","16___A___LA___HP_2019_10_28_07_00_12.gpx","3138622"
"209","A","67","70","13961","12","17","14","2019-10-28","olivier%20kouame","False","209___A___KKO___HP_2019_10_28_19_01_01.gpx","3138612"
"82","B","63","65","13867","13","14","17","2019-10-28","olivier%20kouame","False","82___B___KKO___HP_2019_10_28_17_43_37.gpx","3138611"
"82","A","97","100","14247","9","29","31","2019-10-28","olivier%20kouame","False","82___A___KKO_2019_10_28_16_00_31.gpx","3138610"
"10","B","33","35","6092","11","10","14","2019-10-28","olivier%20kouame","False","10___B___KKO_2019_10_28_15_08_45.gpx","3138609"
"10","A","50","50","5932","7","12","16","2019-10-28","olivier%20kouame","False","10___A___KKO_2019_10_28_14_11_18.gpx","3138608"
"37","B","71","75","16539","14","25","29","2019-10-28","olivier%20kouame","False","37___B___KKO_2019_10_28_12_42_17.gpx","3138607"
"37","A","77","80","17119","13","25","26","2019-10-28","olivier%20kouame","False","37___A___KKO_2019_10_28_11_21_30.gpx","3138606"
"82","B","86","90","13977","10","25","31","2019-10-28","olivier%20kouame","False","82___B___KKO_2019_10_28_09_41_04.gpx","3138605"
"82","A","67","70","14243","13","8","31","2019-10-28","olivier%20kouame","False","82___A___KKO___HP_2019_10_28_08_25_56.gpx","3138604"
"209","B","62","65","14750","14","0","20","2019-10-28","olivier%20kouame","False","209___B___KKO___HP_2019_10_28_06_36_43.gpx","3138603"
"704","B","51","55","9793","12","5","9","2019-10-28","Jean-Philippe%20Koffi","False","704___B___JPK_2019_10_28_14_57_33.gpx","3138582"
"87","B","37","40","15943","26","5","8","2019-10-28","Jean-Philippe%20Koffi","False","87_B___JPK_2019_10_28_13_54_35.gpx","3138581"
"87","A","47","50","15721","20","17","20","2019-10-28","Jean-Philippe%20Koffi","False","87___A___JPK_2019_10_28_12_52_04.gpx","3138580"
"710","A","51","55","15529","18","16","19","2019-10-28","Jean-Philippe%20Koffi","False","710___A___JPK_2019_10_28_11_11_37.gpx","3138579"
"710","B","39","40","15026","23","15","20","2019-10-28","Jean-Philippe%20Koffi","False","710__B___JPK_2019_10_28_10_15_17.gpx","3138578"
"710","B","39","40","15026","23","15","20","2019-10-28","Jean-Philippe%20Koffi","False","710__B___JPK_2019_10_28_10_15_17.gpx","3138577"
"704","A","52","55","9537","11","12","15","2019-10-28","Jean-Philippe%20Koffi","False","704__Ch_teau__A__JPK___HP_2019_10_28_08_07_45.gpx","3138576"
"704","B","46","50","9554","12","6","10","2019-10-28","Jean-Philippe%20Koffi","True","704_chateau__B___JPK___HP_2019_10_28_07_21_18.gpx","3138575"
"19","B","112","115","14406","8","22","24","2019-10-28","Coulibaly%20Noura","False","19_B_CN_hp__vridi_iran___gare_nord_2019_10_28_16_30_30.gpx","3138569"
"19","A","89","90","14171","10","25","27","2019-10-28","Coulibaly%20Noura","False","19_A_CN_gare_nord___vridi_iran_2019_10_28_14_47_04.gpx","3138560"
"46","B","58","60","15188","16","18","20","2019-10-28","Coulibaly%20Noura","False","46_B_CN_cit__administrative_terminus_46_2019_10_28_13_03_06.gpx","3138556"
"46","A","64","65","14822","14","21","23","2019-10-28","Coulibaly%20Noura","False","46_A_CN_terminus_46_cit__administrative_2019_10_28_11_53_09.gpx","3138553"
"719","B","50","50","17627","21","19","21","2019-10-28","Coulibaly%20Noura","False","719_B_CN_hp__terminus_81_82_terminus_st_Andr__2019_10_28_08_03_06.gpx","3138548"
"719","A","58","60","18514","19","24","26","2019-10-28","Coulibaly%20Noura","False","719_A_CN_hp_terminus_st_Andr___terminus_81_82_2019_10_28_06_51_54.gpx","3138545"
"23","A","61","65","13125","13","14","16","2019-10-24","kowao%20bruce","False","23___A___BKD_2019_10_24_11_20_00.gpx","3136050"
"23","B","64","65","13008","12","19","21","2019-10-24","kowao%20bruce","False","23___B___BKD_2019_10_24_10_05_20.gpx","3136049"
"92","B","80","80","16921","13","21","23","2019-10-24","kowao%20bruce","False","92___B___BKD___HP_2019_10_24_08_11_48.gpx","3136048"
"92","A","79","80","17074","13","26","28","2019-10-24","kowao%20bruce","False","92___A___BKD___HP_2019_10_24_06_40_46.gpx","3136047"
"80","B","37","40","6853","11","5","6","2019-10-24","Gomis%20LY","True","80___B___LA___HP_2019_10_24_18_40_05.gpx","3135917"
"80","A","75","75","11583","9","29","33","2019-10-24","Gomis%20LY","False","80___A___LA___HP_2019_10_24_17_22_54.gpx","3135916"
"80","B","41","45","11565","17","9","10","2019-10-24","Gomis%20LY","False","80___B___LA_2019_10_24_16_11_18.gpx","3135915"
"80","A","48","50","11550","14","15","17","2019-10-24","Gomis%20LY","False","80___A___LA_2019_10_24_15_21_29.gpx","3135914"
"61","B","50","50","14910","18","30","31","2019-10-24","Gomis%20LY","False","61___B___LA_2019_10_24_10_12_23.gpx","3135913"
"61","A","59","60","15305","16","35","37","2019-10-24","Gomis%20LY","False","61___A___LA_2019_10_24_09_07_56.gpx","3135912"
"60","B","76","80","12260","10","40","44","2019-10-24","Gomis%20LY","True","60___B___LA___HP_2019_10_24_07_31_48.gpx","3135911"
"60","A","52","55","11911","14","19","21","2019-10-24","Gomis%20LY","False","60___A___LA___HP_2019_10_24_06_36_05.gpx","3135910"
"704","A","53","55","9583","11","5","8","2019-10-24","Jean-Philippe%20Koffi","False","704__Ch_teau_d_eau__A__JPK_2019_10_24_10_38_59.gpx","3135875"
"704","B","33","35","9616","17","6","8","2019-10-24","Jean-Philippe%20Koffi","False","704__Ch_teau_d_eau__B__JPK_2019_10_24_09_58_06.gpx","3135874"
"704","A","63","65","9715","9","19","22","2019-10-24","Jean-Philippe%20Koffi","False","704_A_JPK_HP_2019_10_24_08_51_38.gpx","3135873"
"727","A","44","45","14315","19","10","13","2019-10-24","Jean-Philippe%20Koffi","True","727_A_JPK_HP_2019_10_24_06_43_56.gpx","3135872"
"727","B","32","35","13157","24","2","6","2019-10-24","Jean-Philippe%20Koffi","False","727_B_JPK_HP_2019_10_24_06_05_44.gpx","3135871"
"83","B","49","50","10141","12","14","18","2019-10-24","Kone%20Mariama","False","83_B_KM_2019_10_24_11_19_11.gpx","3135865"
"83","A","48","50","10091","13","11","14","2019-10-24","Kone%20Mariama","False","83_A_KM_2019_10_24_10_28_31.gpx","3135864"
"83","B","31","35","8529","16","7","11","2019-10-24","Kone%20Mariama","False","83_B_KM_2019_10_24_09_48_37.gpx","3135863"
"83","A","40","40","7922","12","6","10","2019-10-24","Kone%20Mariama","False","83_A_KM_2019_10_24_08_48_14.gpx","3135862"
"91","B","35","35","6183","11","7","10","2019-10-24","Kone%20Mariama","True","91_B_KM_HP_2019_10_24_07_51_04.gpx","3135861"
"91","A","32","35","5306","10","8","12","2019-10-24","Kone%20Mariama","True","91_A_KM_HP_2019_10_24_07_18_40.gpx","3135860"
"58","B","29","30","9566","20","7","10","2019-10-24","Kone%20Mariama","False","58_B_KM_HP_2019_10_24_06_35_27.gpx","3135859"
"58","A","38","40","9338","15","8","11","2019-10-24","Kone%20Mariama","False","58_A_KM_HP_2019_10_24_05_56_09.gpx","3135858"
"209","A","41","45","13016","19","13","14","2019-10-24","olivier%20kouame","False","209___A___KKO_2019_10_24_16_36_05.gpx","3135847"
"209","B","22","25","10878","29","7","11","2019-10-24","olivier%20kouame","False","209___B___KKO_2019_10_24_16_08_58.gpx","3135846"
"729","B","47","50","19053","24","11","15","2019-10-24","olivier%20kouame","False","729___B___KKO_2019_10_24_09_35_23.gpx","3135845"
"729","A","66","70","19314","18","18","22","2019-10-24","olivier%20kouame","False","729___A___KKO___HP_2019_10_24_08_28_03.gpx","3135844"
"38","A","51","55","11815","14","25","28","2019-10-24","olivier%20kouame","False","38___A___KKO___HP_2019_10_24_06_19_15.gpx","3135843"
"712","B","71","75","21422","18","11","12","2019-10-24","ZELY%20BEDEL","False","712__Grand_Carrefour_de_Koumassi___Amondji___B__ZB_2019_10_24_12_55_50.gpx","3135837"
"712","A","60","60","19606","20","15","18","2019-10-24","ZELY%20BEDEL","False","712__Saint_Andr___Grand_carrefour_de_Koumassi___A__HP__ZB_2019_10_24_06_47_35.gpx","3135836"
"712","B","52","55","19795","23","10","14","2019-10-24","ZELY%20BEDEL","False","712___grand_Carrefour_Koumassi___Saint_Andr___B___HP__ZB_2019_10_24_08_13_25.gpx","3135835"
"712","A","70","70","22320","19","10","13","2019-10-24","ZELY%20BEDEL","False","712__Amondji___Grand_carrefour_de_koumassi____A___ZB_2019_10_24_10_31_36.gpx","3135834"
"726","B","50","50","14273","17","14","16","2019-10-24","Coulibaly%20Noura","False","726_B_CN_gare_sud_terminus_amondji_2019_10_24_11_42_51.gpx","3135797"
"726","A","54","55","15677","17","13","15","2019-10-24","Coulibaly%20Noura","False","726_A_CN_terminus_amondji__gare_sud_2019_10_24_10_30_11.gpx","3135796"
"720","B","53","55","17345","19","14","15","2019-10-24","Coulibaly%20Noura","False","720_B_CN_hp__rond_point_palmeraie__terminus_st_Andr__2019_10_24_08_53_42.gpx","3135795"
"720","A","48","50","16503","21","12","13","2019-10-24","Coulibaly%20Noura","True","720_A_CN_hp__terminus_st_Andr___rond_point_palmeraie_2019_10_24_07_34_11.gpx","3135794"
"04","A","62","65","14438","14","23","25","2019-10-23","kowao%20bruce","False","04___A___BKD___HP_2019_10_23_06_44_08.gpx","3135470"
"04","B","72","75","14372","12","25","27","2019-10-23","kowao%20bruce","True","04___B___BKD___HP_2019_10_23_07_50_22.gpx","3135469"
"24","A","62","65","17793","17","23","25","2019-10-23","kowao%20bruce","False","24___A____BKD_2019_10_23_10_46_36.gpx","3135468"
"24","B","52","55","13884","16","23","23","2019-10-23","kowao%20bruce","False","24___B___BKD_2019_10_23_11_57_48.gpx","3135467"
"92","A","55","55","19216","21","9","11","2019-10-23","kowao%20bruce","False","92___A___BKD_2019_10_23_13_47_55.gpx","3135465"
"92","B","68","70","16955","15","23","25","2019-10-23","kowao%20bruce","False","92___B___BKD_2019_10_23_14_43_52.gpx","3135464"
"611","B","77","80","9780","8","16","18","2019-10-23","Gomis%20LY","True","611___B___LA___HP_2019_10_23_18_25_41.gpx","3135381"
"611","A","39","40","10176","16","11","13","2019-10-23","Gomis%20LY","False","611___A___LA___HP_2019_10_23_17_20_54.gpx","3135380"
"60","B","58","60","12236","13","27","29","2019-10-23","Gomis%20LY","False","60___B___LA_2019_10_23_13_20_24.gpx","3135378"
"60","A","86","90","12125","8","20","22","2019-10-23","Gomis%20LY","False","60___A___LA_2019_10_23_11_53_30.gpx","3135374"
"611","B","47","50","9882","13","14","17","2019-10-23","Gomis%20LY","False","611___B___LA_2019_10_23_10_01_10.gpx","3135360"
"611","A","66","70","10099","9","14","17","2019-10-23","Gomis%20LY","False","611___A___LA_2019_10_23_08_48_22.gpx","3135338"
"54","B","83","85","12055","9","7","13","2019-10-23","Gomis%20LY","True","54___B___LA___HP_2019_10_23_07_19_27.gpx","3135336"
"54","A","70","70","11777","10","11","14","2019-10-23","Gomis%20LY","False","54___A___LA___HP_2019_10_23_06_03_49.gpx","3135335"
"42","B","34","35","7282","13","13","16","2019-10-23","olivier%20kouame","False","42___B___KKO___17H_40mn_2019_10_23_17_40_36.gpx","3135298"
"42","A","33","35","7517","14","13","17","2019-10-23","olivier%20kouame","False","42___A___KKO___17H_04mn_2019_10_23_17_04_24.gpx","3135297"
"22","B","57","60","10350","11","20","23","2019-10-23","olivier%20kouame","False","22___B___KKO_2019_10_23_10_31_37.gpx","3135296"
"22","A","73","75","9419","8","22","25","2019-10-23","olivier%20kouame","False","22___A___KKO_2019_10_23_11_41_52.gpx","3135295"
"36","B","46","50","13406","18","15","18","2019-10-23","olivier%20kouame","False","36___B___KKO_2019_10_23_09_39_26.gpx","3135294"
"44","A","43","45","10662","15","20","24","2019-10-23","olivier%20kouame","False","44___A___KKO___8H_12mn_2019_10_23_08_10_57.gpx","3135293"
"47","B","50","50","10789","13","24","27","2019-10-23","olivier%20kouame","True","47___B___KKO___7H_28mn_2019_10_23_07_11_50.gpx","3135292"
"47","A","45","45","10749","14","19","22","2019-10-23","olivier%20kouame","False","47___A___KKO___6H_26mn_2019_10_23_06_24_32.gpx","3135291"
"43","B","40","40","9819","15","9","11","2019-10-23","Coulibaly%20Noura","False","43_B_CN_hp_gare_nord_yopougon_koute_2019_10_23_17_14_40.gpx","3135290"
"43","A","26","30","9139","21","7","10","2019-10-23","Coulibaly%20Noura","False","43_A_CN_hp_yopougon_koute_gare_nord_2019_10_23_16_37_43.gpx","3135289"
"712","A","76","80","19889","16","11","13","2019-10-23","Coulibaly%20Noura","False","712_A_CN_carrefour_koumassi__yopougon_st_Andr__2019_10_23_14_29_13.gpx","3135288"
"712","A","55","55","19081","21","10","12","2019-10-23","Coulibaly%20Noura","False","712_A_CN_yopougon_st_Andr__carrefour_koumassi_2019_10_23_13_25_51.gpx","3135287"
"206","B","38","40","11742","18","5","8","2019-10-23","Coulibaly%20Noura","False","206_B_CN_h_tel_de_ville_st_Andr__2019_10_23_11_02_17.gpx","3135286"
"206","A","26","30","11316","26","6","8","2019-10-23","Coulibaly%20Noura","False","206_A_CN_st_Andr__h_tel_de_ville_2019_10_23_10_09_36.gpx","3135285"
"40","B","40","40","14297","22","14","16","2019-10-23","Coulibaly%20Noura","False","40_B_CN_hp_gare_sud__yopougon_kout__2019_10_23_08_14_47.gpx","3135284"
"40","A","56","60","13832","15","14","16","2019-10-23","Coulibaly%20Noura","True","40_A_CN_hp_yopougon_kout___gare_sud_2019_10_23_07_09_40.gpx","3135283"
"30","B","73","75","16344","13","22","24","2019-10-23","ZELY%20BEDEL","False","30__Terminus_40___Gare_sud___B___HP__ZB_2019_10_23_06_54_05.gpx","3135281"
"30","A","61","65","16816","17","21","23","2019-10-23","ZELY%20BEDEL","False","30__Gare_sud___Terminus_40___A___HP___ZB_2019_10_23_08_21_12.gpx","3135278"
"719","A","63","65","18333","17","25","25","2019-10-23","ZELY%20BEDEL","False","719__St_Andr___Angre_terminus_81_82__A___ZB_2019_10_23_10_08_13.gpx","3135277"
"719","B","62","65","17814","17","14","17","2019-10-23","ZELY%20BEDEL","False","719__Angre_terminus_81_82__Saint_Andr___B__ZB_2019_10_23_11_22_07.gpx","3135276"
"720","A","40","40","16486","24","8","11","2019-10-23","ZELY%20BEDEL","False","720__Saint_Andr___Rivera_palmeraie__A___ZB_2019_10_23_12_52_17.gpx","3135274"
"720","B","39","40","17219","27","8","11","2019-10-23","ZELY%20BEDEL","False","720__Rivera_palmeraie__Saint_Andr___B__ZB_2019_10_23_13_32_57.gpx","3135273"
"206","B","32","35","12855","24","7","10","2019-10-23","ZELY%20BEDEL","False","206__Yopougon_Koute__Hotel_de_ville__HP__B___ZB_2019_10_23_16_44_29.gpx","3135272"
"206","A","58","60","13299","14","9","11","2019-10-23","ZELY%20BEDEL","False","206__H_tel_de_ville__Yopougon_Koute__HP__A__ZB_2019_10_23_17_23_35.gpx","3135271"
"727","A","35","35","14240","24","6","9","2019-10-23","Jean-Philippe%20Koffi","False","727___A___JPK_2019_10_23_11_30_15.gpx","3135258"
"727","B","36","40","15226","26","5","9","2019-10-23","Jean-Philippe%20Koffi","False","727___B___JPK_2019_10_23_10_53_08.gpx","3135257"
"704","A","45","45","9693","13","10","15","2019-10-23","Jean-Philippe%20Koffi","False","704___A___JPK_2019_10_23_09_15_32.gpx","3135256"
"704","B","30","30","9728","20","31","35","2019-10-23","Jean-Philippe%20Koffi","False","704___B___JPK__HP_2019_10_23_08_24_52.gpx","3135255"
"94","B","47","50","13167","17","14","17","2019-10-23","Jean-Philippe%20Koffi","True","94___JPK___B___HP_2019_10_23_07_22_09.gpx","3135254"
"94","A","43","45","13529","19","14","17","2019-10-23","Jean-Philippe%20Koffi","False","94___A___JPK___HP_2019_10_23_06_16_17.gpx","3135253"
"59","B","57","60","9825","10","11","14","2019-10-23","Kone%20Mariama","False","59_B_KM_2019_10_23_15_14_30.gpx","3135252"
"59","A","58","60","9977","10","10","13","2019-10-23","Kone%20Mariama","False","59_A_KM_2019_10_23_14_15_38.gpx","3135251"
"718","B","49","50","22317","27","5","10","2019-10-23","Kone%20Mariama","False","718_B_KM_2019_10_23_12_51_09.gpx","3135250"
"718","A","109","110","22188","12","13","17","2019-10-23","Kone%20Mariama","False","718_A_KM_2019_10_23_10_45_55.gpx","3135249"
"13","B","98","100","12066","7","10","12","2019-10-23","Kone%20Mariama","False","13_B_KM_2019_10_23_09_00_11.gpx","3135248"
"13","A","64","65","13026","12","13","20","2019-10-23","Kone%20Mariama","False","13_A_KM_HP_2019_10_23_07_59_20.gpx","3135246"
"11","B","70","70","13519","12","15","18","2019-10-23","Kone%20Mariama","False","11_B_KM_HP_2019_10_23_06_44_10.gpx","3135245"
"11","A","40","40","12971","19","14","17","2019-10-23","Kone%20Mariama","False","11_A_KM_HP_2019_10_23_06_03_47.gpx","3135244"
"02","A","52","55","14971","17","16","17","2019-10-22","kowao%20bruce","False","02___A___BKD___HP_2019_10_22_06_26_34.gpx","3134734"
"13","A","58","60","16253","17","16","18","2019-10-22","kowao%20bruce","False","13___A___BKD_2019_10_22_08_32_29.gpx","3134733"
"13","B","69","70","14960","13","15","15","2019-10-22","kowao%20bruce","False","13___B___BKD_2019_10_22_09_44_11.gpx","3134732"
"26","A","101","105","15170","9","23","25","2019-10-22","kowao%20bruce","False","26___A___BKD_2019_10_22_11_09_20.gpx","3134731"
"26","B","86","90","14990","11","31","32","2019-10-22","kowao%20bruce","False","26___B___BKD_2019_10_22_13_20_50.gpx","3134730"
"79","B","72","75","9398","8","24","27","2019-10-22","Gomis%20LY","True","79___B___LA___HP_2019_10_22_18_08_48.gpx","3134656"
"79","A","63","65","9121","9","4","7","2019-10-22","Gomis%20LY","False","79___A___LA___HP_2019_10_22_17_04_20.gpx","3134653"
"54","B","64","65","12085","11","12","17","2019-10-22","Gomis%20LY","False","54___B___LA_2019_10_22_12_43_44.gpx","3134652"
"54","A","57","60","11602","12","10","13","2019-10-22","Gomis%20LY","False","54___A___LA_2019_10_22_11_38_43.gpx","3134651"
"203","A","69","70","16749","15","16","19","2019-10-22","Gomis%20LY","False","203___A___LA_2019_10_22_10_04_51.gpx","3134648"
"203","B","93","95","17224","11","20","23","2019-10-22","Gomis%20LY","False","203___B___LA_2019_10_22_08_28_51.gpx","3134647"
"49","B","49","50","15351","19","16","19","2019-10-22","Gomis%20LY","True","49___B___LA___HP_2019_10_22_07_34_24.gpx","3134646"
"49","A","71","75","15399","13","5","8","2019-10-22","Gomis%20LY","False","49___A___LA___HP_2019_10_22_06_19_25.gpx","3134645"
"39","B","94","95","20904","13","17","19","2019-10-22","ZELY%20BEDEL","False","39__Niangon_sud_a_droite___Gare_sud___B___HP___ZB_2019_10_22_06_57_23.gpx","3134631"
"39","A","77","80","20810","16","26","28","2019-10-22","ZELY%20BEDEL","False","39__Gare_sud___Niangon_sud_a_droite__A__HP__ZB_2019_10_22_08_33_50.gpx","3134629"
"39","B","95","95","19796","13","21","25","2019-10-22","ZELY%20BEDEL","False","39__Niangon_sud_a_droite___Gare_sud___B___ZB_2019_10_22_10_51_31.gpx","3134628"
"212","A","68","70","18903","17","20","24","2019-10-22","ZELY%20BEDEL","False","212__Gare_sud___Niangon_sud_a_droite___A___ZB_2019_10_22_13_13_27.gpx","3134627"
"212","B","49","50","17870","22","5","7","2019-10-22","ZELY%20BEDEL","False","212__Niangon_sud_a_droite__Gare_sud___B___ZB_2019_10_22_14_25_55.gpx","3134626"
"39","A","83","85","20248","15","26","32","2019-10-22","ZELY%20BEDEL","False","39__Gare_sud___niangon_sud_a_droite__A__ZB_2019_10_22_15_31_05.gpx","3134625"
"212","B","56","60","18044","19","10","9","2019-10-22","ZELY%20BEDEL","False","212__Niangon_sud_a_droite___Gare_sud___B___HP___ZB_2019_10_22_17_24_06.gpx","3134624"
"212","A","95","95","18501","12","15","17","2019-10-22","ZELY%20BEDEL","True","212__Gare_sud__Niangon_sud_a_droite___A__HP___ZB_2019_10_22_18_22_02.gpx","3134623"
"64","B","29","30","7360","15","9","12","2019-10-22","Jean-Philippe%20Koffi","False","64___B__JPK___HP_2019_10_22_06_46_01.gpx","3134597"
"64","A","45","45","8648","11","8","11","2019-10-22","Jean-Philippe%20Koffi","True","64___A___JPK___HP_2019_10_22_07_21_03.gpx","3134595"
"84","B","43","45","8054","11","12","15","2019-10-22","Jean-Philippe%20Koffi","False","84___B___JPK___HP_2019_10_22_08_10_01.gpx","3134594"
"84","A","43","45","8370","12","12","16","2019-10-22","Jean-Philippe%20Koffi","False","84___A___JPK___HP_2019_10_22_08_55_05.gpx","3134593"
"64","B","39","40","7418","11","9","12","2019-10-22","Jean-Philippe%20Koffi","False","64___B___JPK_2019_10_22_09_47_09.gpx","3134592"
"64","A","28","30","7946","17","5","8","2019-10-22","Jean-Philippe%20Koffi","False","64___A___JPK_2019_10_22_10_29_19.gpx","3134590"
"11","A","41","45","15557","23","15","17","2019-10-22","kowao%20bruce","False","11___A___BKD_2019_10_22_14_52_36.gpx","3134587"
"11","B","54","55","16388","18","16","18","2019-10-22","kowao%20bruce","False","11___B___BKD_2019_10_22_15_42_52.gpx","3134585"
"02","B","68","70","15417","14","19","21","2019-10-22","kowao%20bruce","False","02___B___BKD___HP_2019_10_22_17_54_23.gpx","3134584"
"40","B","74","75","14464","12","13","15","2019-10-22","Coulibaly%20Noura","False","40_B_CN_gare_sud_terminus_40_2019_10_22_16_41_39.gpx","3134565"
"40","A","31","35","13734","26","14","16","2019-10-22","Coulibaly%20Noura","False","40_A_CN_terminus_40_gare_sud_2019_10_22_15_42_07.gpx","3134564"
"30","B","74","75","15085","12","22","24","2019-10-22","Coulibaly%20Noura","False","30_B_CN__gare_sud_yopougon_kout__2019_10_22_13_13_04.gpx","3134563"
"30","A","77","80","16256","13","22","25","2019-10-22","Coulibaly%20Noura","False","30_A_CN_yopougon_kout__gare_sud_2019_10_22_11_22_56.gpx","3134562"
"206","B","42","45","13547","20","9","11","2019-10-22","Coulibaly%20Noura","False","206_B_CN_terminus_h_tel_de_ville__yopougon_kout__2019_10_22_10_17_31.gpx","3134560"
"206","A","38","40","12842","20","10","12","2019-10-22","Coulibaly%20Noura","False","206_A_CN_yopougon_kout__h_tel_de_ville_plateau_2019_10_22_09_27_20.gpx","3134559"
"85","B","39","40","15086","23","13","16","2019-10-22","Coulibaly%20Noura","False","85_B_CN_hp_campus_cocody_yopougon_kout__2019_10_22_08_35_50.gpx","3134558"
"85","A","59","60","14540","15","13","14","2019-10-22","Coulibaly%20Noura","True","85_A_CN_hp_yopougon_kout__campus_cocody_2019_10_22_07_12_24.gpx","3134557"
"41","B","50","50","13495","16","18","21","2019-10-22","Kone%20Mariama","False","41_B_KM_2019_10_22_15_14_21.gpx","3134538"
"41","A","50","50","13415","16","18","22","2019-10-22","Kone%20Mariama","False","41_A_KM_2019_10_22_14_24_05.gpx","3134537"
"610","B","74","75","18191","15","24","27","2019-10-22","Kone%20Mariama","False","610_B_KM_2019_10_22_12_18_49.gpx","3134536"
"610","A","67","70","18332","16","23","26","2019-10-22","Kone%20Mariama","False","610_A_KM_2019_10_22_11_11_25.gpx","3134535"
"11","B","50","50","13164","16","12","15","2019-10-22","Kone%20Mariama","False","11_B_KM_2019_10_22_10_12_07.gpx","3134534"
"11","A","44","45","13201","18","13","17","2019-10-22","Kone%20Mariama","False","11_A_KM_2019_10_22_09_28_15.gpx","3134533"
"14","A","68","70","13245","12","26","29","2019-10-22","Kone%20Mariama","True","14_A_KM_HP_2019_10_22_07_37_36.gpx","3134531"
"49","B","65","65","15337","14","16","19","2019-10-21","Gomis%20LY","False","49___B___LA_2019_10_21_11_18_16.gpx","3134696"
"49","A","51","55","16062","19","10","13","2019-10-21","Gomis%20LY","False","49___A___LA_2019_10_21_10_20_59.gpx","3134695"
"14","B","65","65","13306","12","21","24","2019-10-21","Kone%20Mariama","True","14_B_KM_HP_2019_10_21_07_47_57.gpx","3134532"
"45","A","89","90","11158","8","12","15","2019-10-21","Gomis%20LY","False","45___A___LA_2019_10_21_15_25_16.gpx","3134126"
"45","A","89","90","11158","8","12","15","2019-10-21","Gomis%20LY","False","45___A___LA_2019_10_21_15_25_16.gpx","3134121"
"45","B","33","35","10511","19","6","9","2019-10-21","Gomis%20LY","False","45___B___LA_2019_10_21_14_49_37.gpx","3134119"
"79","B","41","45","9394","14","6","8","2019-10-21","Gomis%20LY","False","79___B___LA_2019_10_21_13_45_06.gpx","3134117"
"79","A","41","45","9143","13","11","13","2019-10-21","Gomis%20LY","False","79___A___LA_2019_10_21_13_00_36.gpx","3134116"
"15","B","113","115","17309","9","21","24","2019-10-21","Gomis%20LY","False","15___B___LA___HP_2019_10_21_06_57_13.gpx","3134102"
"27","B","99","100","19442","12","24","28","2019-10-21","ZELY%20BEDEL","False","27___niangon_sud_a_gauche___Gare_sud___B___ZB_2019_10_21_05_33_11.gpx","3134053"
"20","A","61","65","17425","17","23","26","2019-10-21","ZELY%20BEDEL","True","20___gare_sud____Yopougon_d_p_t__A___ZB_2019_10_21_07_31_39.gpx","3134052"
"20","B","80","80","15885","12","16","19","2019-10-21","ZELY%20BEDEL","False","20__Yopougon_d_p_t___Gare_sud___B___ZB_2019_10_21_08_38_17.gpx","3134050"
"27","A","86","90","19604","14","27","29","2019-10-21","ZELY%20BEDEL","False","27__Gare_du_sud_____niangon_sud_a_gauche_A__HC___ZB_2019_10_21_10_09_03.gpx","3134048"
"27","B","74","75","18824","15","24","27","2019-10-21","ZELY%20BEDEL","False","27___niangon_sud_a_gauche__Gare_sud___B___HC__ZB_2019_10_21_11_47_35.gpx","3134046"
"27","A","90","90","17695","12","26","30","2019-10-21","ZELY%20BEDEL","False","27__Gare_sud_____Yopougon_d_p_t__A__HC___ZB_2019_10_21_13_36_35.gpx","3134045"
"20","B","73","75","15832","13","19","20","2019-10-21","ZELY%20BEDEL","False","20___Yopougon_d_p_t___Gare_sud___B___HC___ZB_2019_10_21_15_20_38.gpx","3134044"
"27","A","145","145","20803","9","25","25","2019-10-21","ZELY%20BEDEL","False","27___Gare_sud__niangon_sud_a_gauche__A__ZB_2019_10_21_16_51_01.gpx","3134043"
"84","A","34","35","8390","15","13","16","2019-10-21","Jean-Philippe%20Koffi","False","84___JPK___A_2019_10_21_15_01_55.gpx","3134019"
"84","B","41","45","8030","12","13","18","2019-10-21","Jean-Philippe%20Koffi","False","84___JPK___B_2019_10_21_14_13_01.gpx","3134018"
"94","B","36","40","13088","22","17","19","2019-10-21","Jean-Philippe%20Koffi","False","94___JPK___B_2019_10_21_13_17_56.gpx","3134017"
"94","A","44","45","13570","18","14","17","2019-10-21","Jean-Philippe%20Koffi","False","94___JPK___A_2019_10_21_12_21_38.gpx","3134016"
"90","B","71","75","14779","12","27","31","2019-10-21","Jean-Philippe%20Koffi","False","90___JPK___B_2019_10_21_11_07_28.gpx","3134014"
"90","A","53","55","14550","16","30","33","2019-10-21","Jean-Philippe%20Koffi","False","90___JPK___A_2019_10_21_09_26_46.gpx","3134013"
"90","B","74","75","14698","12","33","36","2019-10-21","Jean-Philippe%20Koffi","False","90_JPK__B_HP_2019_10_21_08_06_44.gpx","3134012"
"90","A","59","60","14579","15","33","36","2019-10-21","Jean-Philippe%20Koffi","True","90___JPK___A___HP_2019_10_21_07_01_06.gpx","3134011"
"91","B","25","25","6108","14","7","12","2019-10-21","Kone%20Mariama","False","91_B_KM_2019_10_21_16_08_30.gpx","3133974"
"91","A","22","25","5209","14","10","12","2019-10-21","Kone%20Mariama","False","91_A_KM_2019_10_21_15_34_46.gpx","3133973"
"58","B","25","25","9581","23","6","9","2019-10-21","Kone%20Mariama","False","58_B_KM_2019_10_21_15_00_50.gpx","3133972"
"58","A","28","30","9072","19","9","12","2019-10-21","Kone%20Mariama","False","58_A_KM_vridi_SOTRA__2019_10_21_14_23_47.gpx","3133971"
"13","B","45","45","13723","18","14","18","2019-10-21","Kone%20Mariama","False","13_B_KM_2019_10_21_13_36_11.gpx","3133969"
"13","A","65","65","13264","12","12","15","2019-10-21","Kone%20Mariama","False","13_A_KM_2019_10_21_12_24_00.gpx","3133968"
"14","B","67","70","13541","12","22","25","2019-10-21","Kone%20Mariama","False","14_B_KM_2019_10_21_10_05_54.gpx","3133967"
"14","A","62","65","13346","13","21","24","2019-10-21","Kone%20Mariama","False","14_A_KM_2019_10_21_08_59_31.gpx","3133966"
"43","B","29","30","9869","20","9","11","2019-10-21","Coulibaly%20Noura","False","43_B_CN_gare_nord__yopougon_kout__2019_10_21_15_37_37.gpx","3133948"
"43","A","24","25","9128","23","9","12","2019-10-21","Coulibaly%20Noura","False","43_A_CN_yopougon_kout__gare_nord_2019_10_21_14_49_11.gpx","3133947"
"85","A","41","45","14265","21","13","15","2019-10-21","Coulibaly%20Noura","False","85_A_CN__yopougon_kout__campus_cocody_2019_10_21_13_04_12.gpx","3133946"
"85","B","55","55","14845","16","13","15","2019-10-21","Coulibaly%20Noura","False","85_B_CN__campus_cocody__yopougon_kout__2019_10_21_11_32_49.gpx","3133945"
"85","B","36","40","13758","23","11","13","2019-10-21","Coulibaly%20Noura","False","85_B_CN__capus_cocody_yopougon_phal_ne_2019_10_21_10_00_53.gpx","3133944"
"85","A","45","45","13480","18","10","12","2019-10-21","Coulibaly%20Noura","False","85_A_CN_yopougon_phal_ne_campus_cocody_2019_10_21_09_04_47.gpx","3133943"
"85","B","37","40","15066","24","13","14","2019-10-21","Coulibaly%20Noura","False","85_B_CN_hp_cocody_yopougon_phal_ne_2019_10_21_08_22_29.gpx","3133942"
"85","A","69","70","13788","12","8","10","2019-10-21","Coulibaly%20Noura","True","85_A_CN_hp_yopougon_phal_ne_campus_cocody_2019_10_21_07_00_16.gpx","3133940"
"07","A","59","60","15840","16","29","31","2019-10-21","kowao%20bruce","False","07___A___BKD___HP_2019_10_21_06_49_15.gpx","3133895"
"07","B","52","55","15894","18","18","20","2019-10-21","kowao%20bruce","True","07___B__BKD___HP_2019_10_21_07_56_08.gpx","3133894"
"04","A","74","75","14451","12","26","28","2019-10-21","kowao%20bruce","False","04___A___BKD_2019_10_21_08_52_37.gpx","3133893"
"04","B","102","105","14576","9","30","30","2019-10-21","kowao%20bruce","False","04___B___BKD_2019_10_21_10_13_10.gpx","3133891"
"07","A","63","65","15865","15","29","28","2019-10-21","kowao%20bruce","False","07___A___BKD_2019_10_21_12_07_25.gpx","3133887"
"07","B","31","35","11646","22","8","10","2019-10-21","kowao%20bruce","False","07___B___BKD_2019_10_21_13_13_00.gpx","3133885"
"02","A","76","80","14667","12","16","17","2019-10-21","kowao%20bruce","False","02___A___BKD_2019_10_21_13_59_32.gpx","3133884"
"02","B","33","35","13724","25","1","3","2019-10-21","kowao%20bruce","False","02___B___BKD_2019_10_21_15_27_51.gpx","3133881"
"47","B","33","35","10749","19","22","25","2019-10-21","olivier%20kouame","False","47___B___KKO_2019_10_21_13_40_30.gpx","3133868"
"47","A","40","40","10736","16","21","24","2019-10-21","olivier%20kouame","False","47___A___KKO_2019_10_21_12_54_01.gpx","3133867"
"42","B","32","35","7237","14","13","16","2019-10-21","olivier%20kouame","False","42___B___KKO_2019_10_21_12_04_11.gpx","3133865"
"42","A","22","25","7408","20","11","14","2019-10-21","olivier%20kouame","False","42___A___KKO_2019_10_21_11_42_15.gpx","3133864"
"44","B","39","40","10728","17","18","23","2019-10-21","olivier%20kouame","False","44___B___KKO_2019_10_21_11_01_11.gpx","3133862"
"44","A","45","45","10801","14","19","22","2019-10-21","olivier%20kouame","False","44___A___KKO_2019_10_21_10_05_11.gpx","3133858"
"36","A","41","45","14234","21","17","20","2019-10-21","olivier%20kouame","False","36___A___KKO_2019_10_21_09_22_19.gpx","3133856"
"36","B","55","55","14038","15","18","28","2019-10-21","olivier%20kouame","False","36___B___KKO___8h_15mn_2019_10_21_08_18_10.gpx","3133854"
"15","A","76","80","16731","13","24","27","2019-10-18","Gomis%20LY","False","15___A___LA_2019_10_18_13_53_09.gpx","3134096"
"gbaka","A","22","25","5403","15","9","13","2019-10-17","Gomis%20LY","False","Gbaka___Abobo_Gare___Ancien_March__Pk_18___A__LA_2019_10_17_12_37_40.gpx","3131667"
"gbaka","B","25","25","5329","13","13","20","2019-10-17","Gomis%20LY","False","Gbaka___Ancien_March___Abobo_Gare____B__LA_2019_10_17_13_02_35.gpx","3131666"
"gbaka","B","27","30","3316","7","4","7","2019-10-17","Gomis%20LY","False","Gbaka___Terminus_mosqu_e_Ado_Kennedy__Abobo_Gare___B__LA_2019_10_17_11_24_57.gpx","3131630"
"Gkaka","B","14","15","2450","11","4","8","2019-10-17","racky","False","Gkaka__Kennedy_March____Terminus_Abobo_Gare___B__LA_2019_10_17_12_15_33.gpx","3131627"
"Gkaka","A","16","20","2452","9","3","8","2019-10-17","racky","False","Gkaka__Abobo_Gare___Terminus_Kennedy_March____A__LA_2019_10_17_11_58_00.gpx","3131626"
"gbaka","A","19","20","3718","12","5","9","2019-10-17","Gomis%20LY","False","Gbaka___Abobo_Gare_terminus_mosqu_e_Ado__A__LA_2019_10_17_11_03_29.gpx","3131624"
"gbaka","B","30","30","5390","11","10","14","2019-10-17","Gomis%20LY","False","Gbaka___Terminus_Ak_ikoi_Village_Abobo_Gare___B__LA_2019_10_17_10_25_38.gpx","3131623"
"gbaka","A","37","40","5050","8","11","13","2019-10-17","Gomis%20LY","False","Gbaka__Abobo_Gare_Terminus_Ak_ikoi_Village___A__LA_2019_10_17_09_40_59.gpx","3131621"
"GKAKA","B","108","110","18322","10","18","19","2019-10-17","ZELY%20BEDEL","False","GKAKA__Adjame_libert___carrefour_lokoa___B___ZB_2019_10_17_15_58_00.gpx","3131581"
"gbaka","A","59","60","16381","17","9","14","2019-10-17","ZELY%20BEDEL","False","Gbaka___Carrefour_lokoa__Adjame_libert____A___ZB_2019_10_17_14_36_51.gpx","3131580"
"gbaka","B","68","70","17250","15","11","14","2019-10-17","ZELY%20BEDEL","False","Gbaka____Adjame_libert___Carrefour_acad_mie___B___ZB_2019_10_17_13_19_32.gpx","3131579"
"gbaka","B","39","40","12113","19","8","12","2019-10-17","ZELY%20BEDEL","False","GBAKA__Yopougon_camps_militaire__Texaco___B___ZB_2019_10_17_12_00_22.gpx","3131577"
"gbaka","A","39","40","12198","19","13","15","2019-10-17","ZELY%20BEDEL","False","Gbaka__Texaco_Yopougon_camps_militaire___A__ZB_2019_10_17_10_52_14.gpx","3131576"
"gbaka","A","61","65","16049","16","13","17","2019-10-17","ZELY%20BEDEL","False","Gbaka__Carrefour_acad_mie__Libert____A____ZB_2019_10_17_09_34_28.gpx","3131575"
"gbaka","B","53","55","14387","16","12","16","2019-10-17","ZELY%20BEDEL","True","Gbaka___Adjame_libert___Terminus_27___B___ZB_2019_10_17_07_51_54.gpx","3131574"
"gbaka","A","43","45","13889","19","8","11","2019-10-17","ZELY%20BEDEL","True","Gbaka__Terminus_27__Adjame_libert____A__ZB_2019_10_17_07_00_32.gpx","3131573"
"gbaka","A","26","30","8200","19","6","9","2019-10-17","kowao%20bruce","True","Gbaka___Anono__La_gare_en_haut____Anono_Terminus___A___BKD_2019_10_17_07_20_56.gpx","3131488"
"gbaka","B","45","45","8572","11","12","14","2019-10-17","kowao%20bruce","True","Gbaka___Terrminus_Anono___La_gare_en_haut___B___BKD_2019_10_17_07_53_31.gpx","3131486"
"gbaka","A","102","105","21316","13","7","10","2019-10-17","kowao%20bruce","False","Gbaka__La_gare_en_haut___Terminus_Bingerville___A__BKD_2019_10_17_09_41_33.gpx","3131485"
"gbaka","B","68","70","18505","16","16","16","2019-10-17","kowao%20bruce","False","Gbaka__gare_carrefour_Bangui___La_gare_en_haut___B___BKD_2019_10_17_11_41_52.gpx","3131484"
"gbaka","A","13","15","5012","24","3","6","2019-10-17","kowao%20bruce","False","Gbaka___gare_libert____Riviera_2___A___BKD_2019_10_17_13_24_20.gpx","3131483"
"gbaka","B","29","30","5632","12","5","6","2019-10-17","kowao%20bruce","False","Gbaka___Riviera_2___Gare_libert____B___BKD_2019_10_17_13_51_42.gpx","3131482"
"Woro","A","11","15","2921","16","2","6","2019-10-17","kowao%20bruce","False","Woro_Woro__Palmeraie___Les_Rosiers___A___BKD_2019_10_17_15_14_04.gpx","3131480"
"Woro","B","10","10","2616","16","2","5","2019-10-17","kowao%20bruce","False","Woro_Woro__Rosiers___Palmeraie___B___BKD_2019_10_17_15_29_05.gpx","3131479"
"gbaka","B","0","0","8","3","17","20","2019-10-17","olivier%20kouame","False","Gbaka___Adjam__Agban_Yopougon_Gare_Gesco___B___KKO_2019_10_17_12_45_02.gpx","3131459"
"gbaka","A","36","40","9152","15","3","6","2019-10-17","olivier%20kouame","False","Gbaka___Yopougon_Gare_Gesco_Adjam__Agban___A___KKO_2019_10_17_12_04_44.gpx","3131458"
"woro woro","B","23","25","5680","15","4","6","2019-10-17","olivier%20kouame","False","W_r__W_r____Yopougon_gare_Micao_Yopougon_Gabriel_Gare___B___KKO_2019_10_17_10_59_49.gpx","3131457"
"woro woro","A","22","25","7671","21","3","7","2019-10-17","olivier%20kouame","False","W_r__W_r____Yopougon_Gabriel_Gare__Yopougon_Micao___A___KKO_2019_10_17_10_33_55.gpx","3131455"
"gbaka","B","43","45","11216","16","16","19","2019-10-17","olivier%20kouame","False","Gbaka___Adjam__Renault_Yopougon_Palais___B___KKO_2019_10_17_09_18_34.gpx","3131453"
"gbaka","B","40","40","8132","12","9","12","2019-10-17","olivier%20kouame","False","Gbaka___Abobo_Gare_Mairie_Adjam__Renault___B___KKO_2019_10_17_08_35_20.gpx","3131452"
"gbaka","A","28","30","8185","18","7","10","2019-10-17","olivier%20kouame","False","Gbaka___Adjam__Renault_Abobo_Gare_Mairie___A___KKO_2019_10_17_08_03_59.gpx","3131451"
"gbaka","A","34","35","10277","18","13","14","2019-10-17","olivier%20kouame","True","Gbaka___Yopougon_Palais_Adjam__Renault___A___KKO_2019_10_17_07_22_20.gpx","3131450"
"Woro","B","15","15","3327","14","5","10","2019-10-17","Jean-Philippe%20Koffi","False","Woro_woro__Saint_Viateur_Simpim_4___apr_s_barrage____B___JPK_2019_10_17_13_26_42.gpx","3131420"
"Woro","A","13","15","3612","17","2","6","2019-10-17","Jean-Philippe%20Koffi","False","Woro_woro__gare_Woro_woro__Carrefour_Commissariat____Saint_Viateur_Simpim_4___A___JPK_2019_10_17_13_13_40.gpx","3131419"
"gbaka","B","41","45","14407","21","5","11","2019-10-17","Jean-Philippe%20Koffi","False","Gbaka__Gare_M_Badon__Adjam____la_gare_en_haut___B___JPK_2019_10_17_11_54_03.gpx","3131418"
"gbaka","A","65","65","15184","14","9","15","2019-10-17","Jean-Philippe%20Koffi","False","Gbaka__Adjam__A_la_gare_en_haut___M_Badon__La_gare____A___JPK_2019_10_17_10_48_47.gpx","3131417"
"gbaka","B","43","45","12792","18","7","12","2019-10-17","Jean-Philippe%20Koffi","False","Gbaka__Akou_do_Basket__Adjam____la_gare_en_haut___B___JPK_2019_10_17_09_57_49.gpx","3131416"
"gbaka","A","51","55","14717","17","9","12","2019-10-17","Jean-Philippe%20Koffi","False","Gbaka__Adjam__A_la_gare_en_haut___Akou_do__Basket____A___JPK_2019_10_17_09_06_37.gpx","3131415"
"gbaka","A","58","60","13834","14","8","13","2019-10-17","Jean-Philippe%20Koffi","False","Gbaka__M_Pouto_au_terrain__Adjam__A_la_gare_en_haut___B___JPK_2019_10_17_08_07_33.gpx","3131414"
"gbaka","A","51","55","15077","18","7","9","2019-10-17","Jean-Philippe%20Koffi","True","Gbaka__Adjam__A_la_gare_en_haut_M_Pouto_au_terrain___A___JPK_2019_10_17_07_16_12.gpx","3131413"
"Woro","B","6","10","2111","20","3","5","2019-10-15","Jean-Philippe%20Koffi","False","Woro_woro__Soccoc__2_plateaux___gare_Woro_woro_Zoo___B___JPK_2019_10_15_13_51_43.gpx","3130326"
"Woro","A","10","10","1892","11","1","4","2019-10-15","Jean-Philippe%20Koffi","False","Woro_woro__gare_Woro_woro_Zoo___Soccoc__2_Plateaux___A___JPK_2019_10_15_13_41_39.gpx","3130325"
"Woro","B","11","15","3309","18","2","6","2019-10-15","Jean-Philippe%20Koffi","False","Woro_woro__Vallon_Cash_Center___gare_Woro_woro_Zoo____B__JPK_2019_10_15_10_54_15.gpx","3130323"
"Woro","A","22","25","7076","19","6","9","2019-10-15","Jean-Philippe%20Koffi","False","Woro_Woro__Abobo_Azur_Mobil___Chu_Angre__A__JPK_2019_10_15_08_28_35.gpx","3130322"
"Woro","B","32","35","8460","16","4","10","2019-10-15","Jean-Philippe%20Koffi","False","Woro_Woro___Chu_Angre__Abobo_Azur_Mobil_B__JPK_2019_10_15_08_53_14.gpx","3130320"
"woro","A","29","30","5851","12","6","10","2019-10-15","Jean-Philippe%20Koffi","False","woro_woro__Abobo_Mobil_Azur__Boulangerie_Mary_s_CNPS_8eme_tranche___A___JPK_2019_10_15_09_27_53.gpx","3130319"
"Woro","B","30","30","6789","14","11","13","2019-10-15","Jean-Philippe%20Koffi","False","Woro_Woro___Boulangerie_Mary_s_CNPS__Abobo_Azur_Mobil_B__JPK_2019_10_15_09_56_55.gpx","3130318"
"Woro","A","15","15","3319","13","2","7","2019-10-15","Jean-Philippe%20Koffi","False","Woro_woro__gare_Woro_woro_Zoo___Vallon_Cash_Center_A___JPK_2019_10_15_10_39_23.gpx","3130317"
"woro","A","30","30","6551","13","2","5","2019-10-15","kowao%20bruce","False","woro_woro__Riviera_2___Angr__22_me___A__BKD_2019_10_15_08_53_53.gpx","3130295"
"woro","B","28","30","6845","15","1","4","2019-10-15","kowao%20bruce","False","woro_woro__Angre_22_eme___Riviera_2___B___BKD_2019_10_15_09_30_56.gpx","3130294"
"woro","A","22","25","6668","18","10","5","2019-10-15","kowao%20bruce","False","woro__woro__Riviera_2____Terminus_82___A___BKD_2019_10_15_10_09_56.gpx","3130293"
"woro","B","21","25","6692","19","4","6","2019-10-15","kowao%20bruce","False","woro_woro___Terminus_82___Riviera_2___B___BKD_2019_10_15_10_53_09.gpx","3130292"
"woro","A","14","15","2686","12","2","6","2019-10-15","kowao%20bruce","False","woro_woro___Riviera_2___camp_attogban___A___BKD_2019_10_15_11_20_25.gpx","3130291"
"gbaka","B","35","35","9621","16","4","7","2019-10-15","kowao%20bruce","False","Gbaka___Camp_Attogban___Adjame___la_gare_en_haut____B___BKD_2019_10_15_11_41_57.gpx","3130290"
"gbaka","A","43","45","10249","14","10","13","2019-10-15","kowao%20bruce","False","Gbaka___la_gare_en_haut___camp_attogban___A___BKD_2019_10_15_12_23_41.gpx","3130289"
"woro","B","11","15","2716","15","3","6","2019-10-15","kowao%20bruce","False","woro_woro___camp_attogban___Riviera_2___B___BKD_2019_10_15_13_18_10.gpx","3130288"
"woro","A","18","20","4328","14","3","6","2019-10-15","Kone%20Mariama","False","woro_woro__gare_mobile_angre_ch_teau_A_KM_2019_10_15_08_45_34.gpx","3130263"
"woro","B","15","15","4096","17","5","8","2019-10-15","Kone%20Mariama","False","woro_woro_Attoban___gare_woro_woro_zoo_B_KM_2019_10_15_12_04_15.gpx","3130262"
"woro","A","17","20","4163","15","3","6","2019-10-15","Kone%20Mariama","False","woro_woro_gare_woro_woro_zoo_Attoban_A_KM_2019_10_15_11_46_56.gpx","3130261"
"woro","B","12","15","3588","18","3","6","2019-10-15","Kone%20Mariama","False","woro_woro__gare_aghin__gare_woro_woro_zoo_B_KM_2019_10_15_11_34_18.gpx","3130260"
"woro","A","16","20","3723","14","3","6","2019-10-15","Kone%20Mariama","False","woro_woro__gare_woro_woro_zoo_aghin_A_KM_2019_10_15_11_17_40.gpx","3130259"
"woro","B","30","30","9433","19","5","7","2019-10-15","Kone%20Mariama","False","woro_woro__cocody_gare_mobile_azur_B_KM_2019_10_15_10_22_58.gpx","3130258"
"woro","A","31","35","9468","18","4","6","2019-10-15","Kone%20Mariama","False","woro_woro__gare_mobile_azur___cocody_A_KM_2019_10_15_09_51_53.gpx","3130256"
"woro","B","27","30","4821","11","5","8","2019-10-15","Kone%20Mariama","False","woro_woro__angr__ch_teau_gare_mobile___B_KM_2019_10_15_09_16_35.gpx","3130254"
"gbaka","A","19","20","9153","28","4","6","2019-10-14","racky","True","Gbaka___Adjame_Liberte_Abobo_Gare_Mairie___A___RL_2019_10_14_07_55_31.gpx","3131962"
"gbaka","B","53","55","11923","13","9","11","2019-10-14","olivier%20kouame","False","Gbaka___Yopougon_Kowe_t_Adjam__Libert__Texaco___B___KKO_2019_10_14_12_46_37.gpx","3129411"
"gbaka","A","59","60","12002","12","9","18","2019-10-14","olivier%20kouame","False","Gbaka___Adjam__Libert__Texaco_Yopougon_Kowe_t___A___KKO_2019_10_14_11_45_19.gpx","3129410"
"woro woro","B","16","20","2638","10","1","4","2019-10-14","olivier%20kouame","False","W_r__w_r____Mairie_d_Adjam__Dallas_Adjam__Libert____B___KKO_2019_10_14_11_23_51.gpx","3129409"
"woro woro","A","15","15","2342","9","1","4","2019-10-14","olivier%20kouame","False","W_r__w_r____Adjam__Libert___Mairie_d_Adjam__Dallas___A___KKO_2019_10_14_11_07_13.gpx","3129407"
"gbaka","A","11","15","1254","7","1","4","2019-10-14","olivier%20kouame","False","Gbaka___Adjam__Libert__Adjam__March__Gouro___A___KKO_2019_10_14_10_38_10.gpx","3129406"
"Gkaka","B","45","45","8830","12","11","13","2019-10-14","olivier%20kouame","False","Gkaka___Abobo_Gare_Mairie_Adjam__Libert____B___KKO_2019_10_14_09_49_47.gpx","3129405"
"Gkaka","A","36","40","8454","14","17","18","2019-10-14","olivier%20kouame","False","Gkaka___Adjam__Libert__par_le_Zoo_Abobo_Gare_Mairie___A___KKO_2019_10_14_09_07_32.gpx","3129404"
"gbaka","B","42","45","9438","14","2","4","2019-10-14","olivier%20kouame","False","Gbaka___Abobo_Gare_Mairie_Adjam__Libert____B___KKO_2019_10_14_08_18_23.gpx","3129402"
"woro woro","B","7","10","1607","14","1","3","2019-10-14","Coulibaly%20Noura","False","W_r__w_r__st_Michel__adjam__libert__B_CN_2019_10_14_14_24_37.gpx","3129399"
"woro woro","A","9","10","1549","11","2","4","2019-10-14","Coulibaly%20Noura","False","W_r__w_r___adjam__libert__st_Michel_A_CN_2019_10_14_14_12_01.gpx","3129398"
"gbaka","B","51","55","18643","22","18","20","2019-10-14","Coulibaly%20Noura","False","Gbaka__bingerville_adjam__B_CN_2019_10_14_12_50_50.gpx","3129397"
"gbaka","A","40","40","16901","25","12","14","2019-10-14","Coulibaly%20Noura","False","Gbaka_adjam___bingerville_A_CN_2019_10_14_12_02_49.gpx","3129395"
"gbaka","B","39","40","11364","17","11","13","2019-10-14","Coulibaly%20Noura","False","Gbaka_yopougon_palais__adjam__B_CN_2019_10_14_11_14_27.gpx","3129394"
"gbaka","A","53","55","12646","14","18","20","2019-10-14","Coulibaly%20Noura","False","Gbaka__adjam__yopougon_palais_A_CN_2019_10_14_10_13_07.gpx","3129393"
"gbaka","B","18","20","11686","40","3","5","2019-10-14","Coulibaly%20Noura","False","Gbaka__koumssi__adjam__B_CN_2019_10_14_09_46_41.gpx","3129392"
"woro woro","B","17","20","2274","8","1","4","2019-10-14","ZELY%20BEDEL","False","W_r__w_r___Gare_de_bateau_bus_Gare_de_grand_bassam___B___ZB_2019_10_14_12_44_57.gpx","3129391"
"gbaka","A","36","40","10630","18","5","7","2019-10-14","Coulibaly%20Noura","False","Gbaka__adjam___koumassi__A_CN_2019_10_14_09_08_12.gpx","3129387"
"woro woro","A","8","10","2175","17","0","4","2019-10-14","ZELY%20BEDEL","False","W_r__w_r____Gare_de_bassam__gare_bateau_bus___A___ZB_2019_10_14_12_33_01.gpx","3129386"
"gbaka","B","50","50","15503","19","13","17","2019-10-14","ZELY%20BEDEL","False","Gbaka___Gonzagville_Gare_de_bassam___B___ZB_2019_10_14_11_35_44.gpx","3129385"
"gbaka","A","66","70","15802","14","9","12","2019-10-14","ZELY%20BEDEL","False","Gbaka___Gare_de_bassam_Gonzagville___A___ZB_2019_10_14_10_27_41.gpx","3129384"
"woro woro","B","18","20","3324","11","1","4","2019-10-14","ZELY%20BEDEL","False","W_r__w_r___Williamsville_Adjame_libert___B_ZB_2019_10_14_09_32_32.gpx","3129383"
"woro woro","A","18","20","3389","11","2","5","2019-10-14","ZELY%20BEDEL","False","W_r__W_r___Adjame_libert___Williamsville_macassi__A__ZB_2019_10_14_09_04_31.gpx","3129382"
"gbaka","B","21","25","7445","21","4","7","2019-10-14","ZELY%20BEDEL","False","Gbaka__Gare_de_bassam_Adjame_libert__B_ZB_2019_10_14_08_27_18.gpx","3129381"
"gbaka","A","28","30","8026","17","6","9","2019-10-14","ZELY%20BEDEL","True","Gbaka_Adjame_libert__Gare_de_bassam_A_ZB_2019_10_14_07_54_55.gpx","3129380"
"91","?","17","20","2278","8","6","8","2019-09-26","Coulibaly%20Noura","False","91_cath_drale_saint_paul_CN_2019_09_26_17_10_42.gpx","3113920"
"91","?","72","75","2351","2","8","6","2019-09-26","Kone%20Mariama","False","91_Cath_drale_Sain_Paul_2019_09_26_15_15_03.gpx","3113919"
"91","?","72","75","2630","2","5","7","2019-09-26","ZELY%20BEDEL","False","91_Cath_drale_Saint_Paul__ZB_2019_09_26_16_15_58.gpx","3113918"
"91","?","72","75","2501","2","7","7","2019-09-26","kablan%20charles","False","91__cath_drale_saint_paul___igt_2019_09_26_16_16_08.gpx","3113909"
"91","?","62","65","2386","2","7","9","2019-09-26","Jean-Philippe%20Koffi","False","91_Cathedrale_Saint_Paul___JPK_2019_09_26_15_24_49.gpx","3113903"
"91","?","21","25","2348","7","6","9","2019-09-26","kowao%20bruce","False","91_Cath_drale_St_Paul_Plateau_BKD_2019_09_26_16_07_03.gpx","3113900"
"91","?","72","75","2714","2","6","6","2019-09-26","overflorian","False","91___cath_drale_Saint_Paul___FL_2019_09_26_15_16_00.gpx","3113893"
"91","?","49","50","2326","3","4","7","2019-09-25","olivier%20kouame","False","91__Cathedrale_St_Paul__KKO_2019_09_25_17_56_56.gpx","3113907"
"monbus15","B","61","65","17592","17","25","26","2019-05-12","nlehuby","False","monbus15_B_2019_05_12_14_08_23_Plateau_Abobo.gpx","3053082"
"monbus15","A","68","70","17354","15","26","13","2019-05-12","nlehuby","False","monbus15_A_2019_05_12_12_44_31_Abobo_Plateau.gpx","3053081"
